Comune;Cluster;Numero_Incidenti;Tasso_Incidenti;Indice_Mortalita
Abano Terme;0;55;2,78;1,6
Abbadia San Salvatore;0;11;1,76;1,17
Abbiategrasso;1;99;3,06;0,9
Acate;0;10;0,97;5,62
Acerra;0;72;1,23;3,9
Aci Castello;0;54;3,03;3,2
Aci Catena;0;25;0,91;4,1
Aci Sant'Antonio;0;35;1,96;0,4
Acireale;1;176;3,44;1,5
Acquapendente;0;9;1,78;4,7
Acquaviva delle Fonti;0;43;2,16;3,4
Acquedolci;0;8;1,43;0,0
Acqui Terme;0;43;2,2;1,2
Acri;0;12;0,65;5,14
Adelfia;0;30;1,8;2,0
Adrano;0;33;0,97;1,8
Adria;0;47;2,5;3,1
Adro;0;17;2,4;2,33
Afragola;0;97;1,56;2,3
Agira;0;10;1,34;2,8
Agliana;0;46;2,6;1,6
Agnone;0;6;1,3;5,67
Agrate Brianza;1;60;3,91;1,8
Agrigento;1;164;2,86;1,8
Agropoli;1;63;2,97;2,0
Airola;0;9;1,13;7,43
Ala;0;17;1,94;2,4
Alassio;1;60;5,79;1,8
Alatri;0;55;1,99;3,1
Alba;0;73;2,33;1,1
Alba Adriatica;1;52;4,18;0,8
Albanella;0;9;1,54;3,29
Albano Laziale;0;81;2,03;0,7
Albano Sant'Alessandro;0;20;2,46;4,0
Albaredo d'Adige;0;8;1,56;1,75
Albavilla;0;12;1,94;2,0
Albenga;1;156;6,61;1,0
Alberobello;0;10;0,96;3,57
Albiate;0;12;2,01;0,0
Albignasego;0;69;2,67;1,1
Albinea;0;12;1,43;3,9
Albino;0;48;2,7;0,9
Albisola Superiore;1;51;5,17;1,3
Albissola Marina;1;32;6,09;0,6
Albizzate;0;11;2,26;1,8
Alcamo;0;104;2,31;1,6
Alessandria;1;434;4,69;1,5
Alessano;0;11;1,87;2,2
Alezio;0;8;1,45;0,0
Alfonsine;0;28;2,44;2,2
Alghero;1;153;3,62;1,3
Alife;0;11;1,56;14,67
Alliste;0;9;1,44;1,6
Almenno San Bartolomeo;0;8;1,37;3,0
Almenno San Salvatore;0;11;2,01;4,0
Almese;0;7;1,18;6,0
Almè;0;14;2,68;2,1
Alpignano;0;27;1,64;0,9
Altamura;0;163;2,33;1,8
Altavilla Milicia;0;11;1,4;5,0
Altavilla Silentina;0;14;2,05;2,38
Altavilla Vicentina;1;38;3,21;0,9
Altivole;0;14;2,11;4,9
Altofonte;0;12;1,28;1,88
Altopascio;1;54;3,51;2,2
Alzano Lombardo;0;19;1,48;2,4
Alzate Brianza;1;14;2,88;0,0
Amalfi;0;9;1,78;6,0
Amantea;0;25;1,83;5,6
Amelia;0;20;1,8;3,0
Anacapri;0;8;1,22;2,67
Anagni;1;71;3,37;2,1
Ancona;1;458;4,62;0,9
Andora;1;29;3,96;2,5
Andria;0;183;1,87;2,0
Angera;0;9;1,8;0,0
Anghiari;0;13;2,42;4,7
Angri;0;41;1,23;1,4
Anguillara Sabazia;0;38;2,01;2,8
Anzio;0;144;2,67;1,6
Anzola dell'Emilia;0;36;2,93;2,6
Aosta;1;104;3,09;0,2
Apice;0;6;1,15;17,0
Appiano Gentile;0;12;1,57;1,1
Appiano sulla strada del vino/Eppan an der Weinstraße;1;47;3,2;3,0
Apricena;0;18;1,44;5,3
Aprilia;1;258;3,54;3,0
Aquino;0;13;2,54;4,83
Aradeo;0;15;1,64;0,6
Aragona;0;7;0,84;3,5
Arce;0;12;2,28;9,4
Arcene;0;6;1,19;0,0
Arcisate;0;12;1,21;2,14
Arco;1;77;4,4;0,8
Arcola;0;27;2,69;3,3
Arcole;0;9;1,54;3,88
Arconate;0;11;1,69;4,25
Arcore;1;53;3,0;0,9
Arcugnano;0;8;1,11;1,0
Ardea;0;126;2,58;2,8
Arenzano;0;31;2,76;0,5
Arese;0;53;2,76;1,6
Arezzo;1;407;4,16;1,7
Argelato;1;44;4,59;2,8
Argenta;0;59;2,79;5,6
Ariano Irpino;0;38;1,78;0,9
Ariccia;0;47;2,6;2,1
Arienzo;0;8;1,57;0,0
Arluno;0;27;2,24;3,1
Arona;0;32;2,35;1,0
Arosio;0;13;2,7;0,0
Arpino;0;9;1,33;4,67
Arquata Scrivia;0;13;2,12;2,6
Artena;0;27;2,0;3,5
Arzano;0;38;1,16;2,4
Arzignano;1;80;3,14;0,9
Ascea;0;14;2,42;2,9
Asciano;0;8;1,2;1,5
Ascoli Piceno;1;238;5,0;1,1
Ascoli Satriano;0;9;1,64;10,14
Asiago;0;11;1,73;4,8
Asola;0;22;2,25;2,8
Asolo;0;20;2,32;3,7
Assago;1;72;8,12;0,6
Assemini;0;35;1,37;1,5
Assisi;0;67;2,43;2,1
Assoro;0;7;1,49;0,0
Asti;1;282;3,77;1,4
Atessa;0;28;2,7;2,4
Atri;0;15;1,54;4,0
Atripalda;0;24;2,24;2,6
Augusta;0;78;2,24;3,9
Aulla;0;30;2,76;2,3
Avella;0;7;0,9;12,5
Avellino;0;142;2,65;0,7
Aversa;0;82;1,61;1,7
Avetrana;0;12;1,89;7,4
Avezzano;0;108;2,62;1,8
Aviano;0;21;2,41;2,3
Avigliana;0;33;2,67;1,4
Avigliano;0;8;0,73;6,6
Avola;1;88;2,86;1,6
Azzano Decimo;0;33;2,15;4,0
Azzano San Paolo;0;19;2,61;2,8
Bacoli;0;37;1,44;1,7
Badia Polesine;0;22;2,17;5,8
Bagheria;0;87;1,63;1,4
Bagnacavallo;0;50;3,02;3,3
Bagnara Calabra;0;9;0,96;10,33
Bagni di Lucca;0;9;1,65;1,1
Bagno a Ripoli;1;143;5,67;1,1
Bagno di Romagna;0;12;2,09;4,3
Bagnolo Cremasco;0;10;1,98;10,0
Bagnolo Mella;0;29;2,31;2,9
Bagnolo Piemonte;0;7;1,32;2,0
Bagnolo San Vito;1;24;4,1;5,4
Bagnolo in Piano;0;24;2,52;4,4
Balestrate;0;7;1,18;0,0
Barano d'Ischia;0;13;1,32;0,0
Baranzate;0;29;2,49;2,3
Barberino di Mugello;1;68;6,33;3,0
Barcellona Pozzo di Gotto;0;77;1,91;0,6
Bardolino;1;36;5,18;2,1
Bareggio;0;43;2,52;0,7
Barga;0;15;1,54;4,3
Barge;0;12;1,65;3,75
Bari;1;1592;5,03;0,8
Baricella;0;8;1,2;4,86
Barlassina;0;14;2,09;2,11
Barletta;0;247;2,65;1,4
Baronissi;0;42;2,54;1,1
Barrafranca;0;11;0,95;1,5
Barzanò;0;12;2,37;1,43
Baselga di Pinè;0;8;1,66;0,0
Basiglio;0;8;1,06;1,5
Basiliano;0;9;1,79;6,0
Bassano del Grappa;1;147;3,44;1,3
Bastia Umbra;0;50;2,37;1,5
Battipaglia;1;161;3,21;1,5
Bedizzole;0;24;1,98;1,0
Beinasco;0;38;2,15;1,6
Belgioioso;0;9;1,58;4,38
Bella;0;7;1,38;0,0
Bellante;0;9;1,36;3,71
Bellaria-Igea Marina;0;53;2,78;2,1
Bellinzago Novarese;0;18;1,96;3,9
Bellizzi;1;44;3,28;1,7
Belluno;0;98;2,77;1,5
Bellusco;0;18;2,45;3,5
Belpasso;0;81;2,93;4,4
Belvedere Marittimo;0;12;1,37;4,3
Benevento;0;117;2,03;2,5
Bentivoglio;1;53;9,39;2,9
Bergamo;1;891;7,46;0,6
Bernalda;0;19;1,58;3,8
Bernareggio;0;19;1,73;0,0
Bertinoro;1;39;3,57;3,7
Besana in Brianza;0;36;2,34;0,7
Besnate;0;8;1,49;0,0
Besozzo;0;17;1,91;2,4
Bevagna;0;10;1,96;0,0
Biancavilla;0;25;1,09;4,7
Biassono;0;33;2,76;0,6
Bibbiano;0;21;2,12;1,9
Bibbiena;0;27;2,26;3,2
Biella;1;178;4,07;0,8
Bientina;1;35;4,15;2,9
Binasco;1;22;3,13;0,3
Bisceglie;0;133;2,45;1,3
Bisignano;0;10;1,12;4,38
Bitetto;0;20;1,67;3,0
Bitonto;0;118;2,21;2,4
Bitritto;0;27;2,39;2,7
Bojano;0;14;1,84;2,6
Bolano;0;10;1,4;1,14
Bolgare;0;17;2,71;3,78
Bollate;0;98;2,75;1,0
Bologna;1;1978;5,08;1,0
Boltiere;0;9;1,52;3,7
Bolzano Vicentino;1;20;3,1;3,3
Bolzano/Bozen;1;599;5,62;0,7
Bomporto;1;30;2,97;1,2
Bonate Sopra;1;29;2,92;1,2
Bonate Sotto;0;11;1,7;0,8
Bondeno;0;32;2,31;4,1
Bordighera;1;62;6,1;1,5
Boretto;0;10;2,04;6,44
Borgaro Torinese;0;17;1,42;1,5
Borgetto;0;6;0,91;0,0
Borgia;0;10;1,36;4,9
Borgo San Dalmazzo;0;19;1,57;2,2
Borgo San Giacomo;0;7;1,33;2,75
Borgo San Lorenzo;1;67;3,7;0,9
Borgo Ticino;1;17;3,46;3,6
Borgo Val di Taro;0;14;2,08;4,56
Borgo Valsugana;0;10;1,52;3,12
Borgo Virgilio;0;40;2,75;1,9
Borgo a Mozzano;1;26;3,85;5,0
Borgomanero;0;57;2,69;1,9
Borgonovo Val Tidone;0;15;1,91;5,9
Borgoricco;0;24;2,73;2,5
Borgosatollo;0;11;1,27;0,62
Borgosesia;0;26;2,13;1,4
Borso del Grappa;0;9;1,67;6,3
Bosa;0;15;2,03;0,7
Boscoreale;0;41;1,53;3,2
Boscotrecase;0;12;1,21;2,67
Botricello;0;7;1,37;3,43
Bottanuco;0;8;1,57;2,0
Botticino;0;7;0,68;0,0
Bovalino;0;22;2,58;4,8
Boves;0;12;1,32;0,0
Bovezzo;0;10;1,45;1,4
Boville Ernica;0;7;0,91;0,0
Bovisio-Masciago;0;33;1,98;0,2
Bovolone;0;35;2,22;1,0
Bra;1;89;3,02;1,9
Bracciano;0;40;2,16;2,2
Brandizzo;0;10;1,26;0,0
Breda di Piave;0;8;1,03;9,0
Breganze;0;14;1,71;3,4
Bregnano;0;12;2,0;0,0
Brembate;0;11;1,36;1,0
Brembate di Sopra;0;16;2,05;0,0
Brendola;0;18;2,78;1,6
Brescello;0;15;2,83;2,1
Brescia;1;822;4,2;1,0
Bressanone/Brixen;0;41;1,86;2,5
Bresso;0;52;1,98;1,2
Brignano Gera d'Adda;0;11;1,95;3,4
Brindisi;1;348;4,11;1,3
Briosco;0;13;2,25;1,9
Brisighella;1;26;3,53;4,1
Brolo;0;9;1,63;4,6
Broni;1;32;3,43;2,2
Bronte;0;17;0,94;1,6
Brugherio;0;93;2,7;1,4
Brugine;0;12;1,72;0,89
Brugnera;0;13;1,41;2,8
Bruino;0;11;1,32;0,0
Brunico/Bruneck;0;39;2,34;0,6
Brusaporto;0;13;2,36;3,83
Brusciano;0;19;1,2;4,1
Bucchianico;0;7;1,34;8,5
Buccinasco;0;65;2,46;0,6
Buccino;0;10;1,97;5,0
Bucine;0;12;1,28;9,4
Budrio;0;46;2,54;2,3
Buggiano;0;23;2,65;1,4
Buja;0;14;2,32;4,8
Busalla;0;10;2,02;2,67
Busca;0;15;1,51;6,4
Busnago;0;13;2,0;2,2
Bussero;0;6;0,72;0,0
Busseto;0;15;2,24;3,2
Bussolengo;1;59;2,94;1,4
Bussoleno;0;10;1,8;1,14
Busto Arsizio;1;361;4,35;0,5
Busto Garolfo;0;26;1,93;1,5
Buti;0;9;1,67;1,11
Buttapietra;0;13;1,88;1,6
Buttigliera Alta;0;12;1,88;0,0
Cabiate;0;13;1,76;0,7
Cabras;0;13;1,46;4,7
Cadelbosco di Sopra;1;34;3,22;3,4
Cadeo;1;28;4,66;2,5
Cadoneghe;0;39;2,43;1,3
Cadorago;0;16;2,02;2,0
Caerano di San Marco;0;19;2,42;3,3
Cagli;0;19;2,34;6,1
Cagliari;1;536;3,57;1,4
Cagnano Varano;0;11;1,7;5,56
Caiazzo;0;6;1,22;6,25
Cairate;0;20;2,59;0,0
Cairo Montenotte;0;31;2,46;2,6
Caivano;0;58;1,57;4,6
Calatabiano;0;13;2,64;2,78
Calatafimi-Segesta;0;11;1,76;4,8
Calci;0;8;1,32;3,6
Calcinaia;1;62;4,95;0,7
Calcinate;0;13;2,23;5,2
Calcinato;1;48;3,75;1,6
Calcio;0;8;1,54;3,88
Calco;0;11;2,11;5,71
Caldaro sulla strada del vino/Kaltern an der Weinstraße;1;25;3,15;3,1
Calderara di Reno;1;39;2,95;2,1
Caldiero;0;14;1,83;0,7
Caldogno;0;17;1,52;1,6
Calenzano;1;131;7,34;1,9
Calimera;0;7;1,12;10,0
Calolziocorte;0;31;2,26;1,4
Caltagirone;0;82;2,24;2,3
Caltanissetta;0;157;2,61;2,2
Calusco d'Adda;0;13;1,59;2,0
Caluso;0;10;1,43;4,22
Calvi Risorta;0;9;1,61;11,17
Calvisano;0;10;1,18;2,0
Calvizzano;0;8;0,66;1,8
Camaiore;1;212;6,66;1,5
Cambiago;0;12;1,72;5,3
Cambiano;0;8;1,35;2,11
Camerano;1;33;4,61;1,8
Cameri;0;20;1,93;4,4
Camerino;0;20;3,08;3,8
Camerota;0;6;0,86;11,0
Camisano Vicentino;0;18;1,65;1,4
Cammarata;0;9;1,46;0,0
Campagna;0;32;1,96;4,4
Campagna Lupia;0;15;2,2;5,4
Campagnano di Roma;0;19;1,71;2,6
Campagnola Emilia;0;15;2,78;2,78
Campegine;1;24;4,72;2,6
Campi Bisenzio;1;232;5,01;0,9
Campi Salentina;0;27;2,78;4,1
Campiglia Marittima;1;40;3,12;2,6
Campli;0;10;1,51;2,67
Campo San Martino;0;13;2,37;0,78
Campo Tures/Sand in Taufers;0;8;1,51;0,0
Campobasso;0;100;2,09;1,3
Campobello di Licata;0;11;1,24;6,4
Campobello di Mazara;0;24;2,13;6,0
Campodarsego;0;40;2,73;1,1
Campofelice di Roccella;0;16;2,12;3,6
Campoformido;0;15;2,03;2,11
Campogalliano;1;47;5,46;4,2
Campolongo Maggiore;0;11;1,11;5,7
Campomarino;0;14;1,82;3,9
Campomorone;0;10;1,5;1,6
Camponogara;0;20;1,58;4,9
Camporosso;1;20;3,69;1,7
Camporotondo Etneo;0;6;1,15;0,0
Camposampiero;0;35;2,94;2,5
Camposano;0;9;1,76;3,57
Canale;0;6;1,06;17,0
Cancello ed Arnone;0;9;1,62;7,5
Candelo;0;9;1,24;2,0
Candiolo;0;8;1,54;1,11
Canegrate;0;23;1,84;1,44
Canelli;0;15;1,5;1,6
Caneva;0;9;1,5;0,78
Canicattini Bagni;0;8;1,17;0,0
Canicattì;0;34;0,99;1,5
Canino;0;8;1,62;10,75
Cannobio;0;14;2,91;2,56
Canosa di Puglia;0;38;1,34;7,0
Cantù;1;128;3,23;1,5
Canzo;0;13;2,66;0,0
Caorle;1;45;3,96;2,1
Capaccio;1;95;4,11;1,5
Capaccio Paestum;1;121;5,37;3,38
Capaci;0;13;1,21;0,6
Capannoli;0;12;2,0;6,4
Capannori;1;161;3,51;2,0
Capena;0;26;2,44;1,4
Capiago Intimiano;0;8;1,53;0,0
Capistrello;0;7;1,39;0,0
Capo d'Orlando;0;37;2,82;1,2
Capodrise;0;16;1,65;1,4
Capolona;0;8;1,5;3,0
Caponago;1;20;4,01;1,4
Capoterra;0;22;0,97;2,9
Capraia e Limite;0;12;1,57;3,0
Capranica;0;10;1,61;4,86
Caprarola;0;10;1,95;4,14
Capriate San Gervasio;0;17;2,19;0,5
Caprino Veronese;0;16;1,9;7,3
Capriolo;0;18;2,01;4,1
Capua;0;20;1,13;5,8
Capurso;0;39;2,6;1,8
Caraglio;0;13;1,98;3,5
Carapelle;0;9;1,42;8,5
Carate Brianza;1;57;3,25;0,9
Caravaggio;0;38;2,36;2,9
Carbonera;0;29;2,59;1,0
Carcare;0;11;2,13;1,7
Cardano al Campo;0;27;1,86;0,3
Cardito;0;21;0,99;0,8
Cariati;0;6;0,79;0,0
Carignano;0;15;1,63;4,2
Carinaro;0;10;1,54;3,8
Carini;0;66;1,7;1,7
Carinola;0;16;2,3;6,3
Carlentini;0;28;1,65;3,8
Carmagnola;0;61;2,16;3,4
Carmiano;0;19;1,63;1,4
Carmignano;0;29;2,01;1,0
Carmignano di Brenta;0;13;1,74;0,0
Carnago;0;7;1,12;5,2
Carnate;0;10;1,43;0,0
Caronno Pertusella;0;42;2,36;2,5
Carosino;0;7;1,08;14,0
Carovigno;1;50;2,96;2,2
Carpaneto Piacentino;0;21;2,77;1,9
Carpenedolo;0;25;1,93;3,1
Carpi;1;341;4,76;1,3
Carrara;1;276;4,51;0,8
Carsoli;1;17;3,29;3,88
Cartoceto;0;18;2,36;0,0
Carugate;0;30;2,01;0,5
Carugo;0;9;1,44;6,56
Casagiove;0;23;1,77;0,3
Casal Velino;0;16;3,03;4,9
Casal di Principe;0;28;1,31;4,5
Casalbordino;0;10;1,78;8,2
Casale Monferrato;0;91;2,75;2,1
Casale sul Sile;0;29;2,24;4,1
Casalecchio di Reno;1;109;3,05;1,1
Casaleone;0;8;1,56;5,4
Casalgrande;1;60;3,16;1,4
Casalmaggiore;1;47;3,09;2,5
Casalnuovo di Napoli;0;38;0,8;2,5
Casalpusterlengo;0;33;2,21;0,2
Casalserugo;0;12;2,27;3,22
Casaluce;0;9;1,01;6,86
Casamassima;1;62;3,22;1,1
Casamicciola Terme;0;15;1,91;1,1
Casandrino;0;16;1,23;2,8
Casapesenna;0;6;0,87;0,0
Casapulla;0;14;1,69;2,1
Casarano;0;41;2,12;3,0
Casarsa della Delizia;0;13;1,6;1,2
Casarza Ligure;0;12;1,8;2,1
Casatenovo;0;24;1,86;2,7
Casavatore;0;22;1,23;1,3
Casciana Terme Lari;1;37;3,01;2,1
Cascina;1;160;3,57;1,8
Caselle Torinese;0;32;2,07;1,5
Caserta;0;154;2,08;1,3
Casier;0;18;1,67;1,1
Casoli;0;12;2,26;4,1
Casorate Primo;0;11;1,31;2,1
Casorate Sempione;0;13;2,44;0,0
Casorezzo;0;7;1,32;4,0
Casoria;0;116;1,56;2,6
Cassano Magnago;1;62;2,92;1,6
Cassano all'Ionio;0;32;1,89;7,6
Cassano d'Adda;0;40;2,11;1,2
Cassano delle Murge;0;29;2,01;4,6
Cassina de' Pecchi;0;16;1,22;1,22
Cassino;0;102;2,89;2,5
Cassola;0;41;2,81;1,9
Cassolnovo;0;9;1,38;2,86
Castagneto Carducci;1;41;4,72;2,5
Castano Primo;0;27;2,5;1,2
Casteggio;1;20;3,05;1,6
Castegnato;1;25;3,1;2,9
Castel Bolognese;1;35;3,68;2,8
Castel Gandolfo;1;39;4,49;1,5
Castel Goffredo;0;18;1,44;4,1
Castel Madama;0;10;1,4;2,4
Castel Maggiore;1;67;3,66;1,4
Castel Mella;0;13;1,2;1,5
Castel San Giorgio;0;32;2,41;3,0
Castel San Giovanni;1;47;3,44;2,1
Castel San Pietro Terme;0;55;2,67;4,6
Castel Volturno;0;65;2,44;5,5
Castel d'Azzano;0;19;1,63;0,7
Castel di Lama;0;14;1,66;1,1
Castel di Sangro;0;14;2,21;4,7
Castelbellino;0;8;1,6;5,5
Castelbuono;0;7;0,87;0,0
Castelcovati;0;9;1,39;11,0
Casteldaccia;0;9;0,82;2,9
Castelfidardo;1;71;3,86;2,0
Castelfiorentino;0;46;2,7;1,3
Castelfranco Emilia;1;98;3,0;3,0
Castelfranco Piandiscò;0;12;1,22;3,11
Castelfranco Veneto;1;99;2,98;1,8
Castelfranco di Sotto;1;41;3,11;1,8
Castelgomberto;0;14;2,36;0,0
Castellabate;0;15;1,8;3,4
Castellalto;0;15;2,11;3,0
Castellammare del Golfo;0;28;1,9;3,6
Castellammare di Stabia;0;104;1,62;2,4
Castellamonte;0;13;1,33;3,0
Castellana Grotte;0;52;2,71;2,3
Castellaneta;0;41;2,48;4,1
Castellanza;1;68;4,81;1,0
Castellarano;0;28;1,86;3,6
Castelleone;0;26;2,85;2,0
Castelletto sopra Ticino;0;26;2,74;1,7
Castelli Calepio;0;24;2,42;1,2
Castello d'Argile;0;12;1,88;1,1
Castello di Cisterna;1;23;2,98;1,5
Castello di Godego;0;13;1,9;4,6
Castellucchio;0;8;1,64;3,25
Castelnovo di Sotto;1;23;2,78;0,3
Castelnovo ne' Monti;0;25;2,49;1,7
Castelnuovo Berardenga;0;18;2,01;0,6
Castelnuovo Magra;0;13;1,65;0,0
Castelnuovo Rangone;0;34;2,28;0,6
Castelnuovo Scrivia;1;18;3,6;1,83
Castelnuovo del Garda;1;44;3,34;3,6
Castelnuovo di Garfagnana;0;14;2,47;3,3
Castelnuovo di Porto;0;19;2,3;4,9
Castelrotto/Kastelruth;0;15;2,3;3,7
Castelsardo;0;10;1,84;2,71
Casteltermini;0;6;0,8;0,0
Castelverde;0;14;2,59;2,5
Castelvetrano;0;75;2,48;3,3
Castelvetro Piacentino;1;18;3,46;3,3
Castelvetro di Modena;1;45;4,05;3,1
Castenaso;1;51;3,31;1,7
Castenedolo;1;45;3,94;2,6
Castiglion Fiorentino;0;32;2,48;2,1
Castiglione Olona;0;15;2,08;0,0
Castiglione Torinese;0;10;1,66;1,33
Castiglione dei Pepoli;0;12;2,17;3,7
Castiglione del Lago;0;41;2,75;2,1
Castiglione della Pescaia;1;36;5,12;2,6
Castiglione delle Stiviere;0;56;2,41;1,9
Castrezzato;0;9;1,29;2,33
Castrignano del Capo;0;7;1,4;4,33
Castrocaro Terme e Terra del Sole;0;14;2,31;3,7
Castrolibero;0;7;0,83;0,0
Castronno;0;10;2,11;0,0
Castrovillari;0;36;1,7;1,8
Catania;1;1259;4,22;1,1
Catanzaro;0;169;1,95;1,9
Cattolica;1;80;4,77;0,2
Caulonia;0;13;1,89;1,9
Cava Manara;0;14;2,17;2,5
Cava de' Tirreni;0;81;1,58;1,3
Cavaion Veronese;0;17;2,94;3,4
Cavallermaggiore;0;13;2,5;7,6
Cavallino;0;16;1,27;2,38
Cavallino-Treporti;0;39;2,94;3,0
Cavaria con Premezzo;0;10;1,8;1,57
Cavarzere;0;34;2,6;3,8
Cave;0;16;1,53;1,9
Cavenago di Brianza;0;13;1,82;0,8
Cavezzo;0;17;2,5;2,5
Cavour;0;9;1,68;4,25
Cavriago;0;16;1,63;2,8
Cavriglia;0;13;1,36;0,67
Cazzago San Martino;0;26;2,46;2,7
Ceccano;0;58;2,58;2,5
Cecina;1;124;4,44;1,3
Cefalù;1;44;3,18;2,9
Ceggia;0;11;1,94;5,67
Ceglie Messapica;0;42;2,2;1,8
Celano;0;13;1,3;7,44
Cellamare;0;7;1,27;1,8
Celle Ligure;1;30;5,86;2,33
Cellino San Marco;0;14;2,21;2,4
Cellole;0;10;1,34;13,22
Centallo;0;11;1,61;10,8
Cento;0;101;2,86;1,9
Centuripe;0;6;1,13;8,25
Cepagatti;0;31;2,87;3,3
Ceprano;0;20;2,48;3,9
Cerano;0;8;1,26;16,5
Cercola;0;15;0,87;3,2
Cerda;0;9;1,69;22,0
Cerea;1;51;3,05;3,2
Ceriale;1;26;4,79;1,2
Ceriano Laghetto;0;9;1,37;0,0
Cerignola;0;161;2,86;4,1
Cermenate;1;29;3,18;0,6
Cernobbio;0;12;1,88;3,62
Cernusco sul Naviglio;0;84;2,45;1,3
Cerreto Guidi;0;24;2,26;2,8
Cerro Maggiore;1;46;3,1;1,4
Cerro al Lambro;0;11;2,16;3,9
Certaldo;0;32;2,07;1,9
Certosa di Pavia;0;9;1,73;4,1
Cervarese Santa Croce;0;9;1,72;2,5
Cervaro;0;8;1,02;0,0
Cervasca;0;10;2,0;4,0
Cerveteri;0;53;1,44;3,7
Cervia;1;143;4,98;2,0
Cervignano del Friuli;0;22;1,65;1,7
Cervinara;0;8;0,97;7,5
Cesa;0;6;0,73;0,0
Cesano Boscone;0;55;2,36;2,3
Cesano Maderno;0;95;2,48;1,1
Cesate;0;16;1,12;1,0
Cesena;1;440;4,56;1,4
Cesenatico;1;127;4,9;1,4
Cetraro;0;8;0,84;6,0
Ceva;0;12;2,14;3,2
Cherasco;1;31;3,4;2,2
Chiampo;0;30;2,4;2,0
Chianciano Terme;0;20;2,86;2,8
Chiaramonte Gulfi;0;12;1,49;8,2
Chiaravalle;0;42;2,91;2,7
Chiaravalle Centrale;0;7;1,35;0,0
Chiari;0;36;1,93;0,6
Chiavari;1;161;5,89;1,0
Chiavenna;0;13;1,82;2,43
Chieri;0;62;1,72;2,0
Chieti;0;131;2,62;1,7
Chioggia;1;222;4,59;2,2
Chions;0;10;2,1;5,0
Chiuduno;0;15;2,5;0,0
Chiusa/Klausen;0;11;2,19;0,6
Chiusi;1;28;3,34;2,6
Chivasso;0;67;2,53;1,6
Ciampino;0;100;2,62;1,1
Cicciano;0;17;1,43;0,4
Cilavegna;0;7;1,4;7,5
Cimitile;0;8;1,15;0,0
Cingoli;0;16;1,61;4,2
Cinisello Balsamo;1;312;4,2;1,0
Cinisi;0;25;2,11;1,9
Cinquefrondi;0;7;1,14;16,67
Ciriè;0;36;1,97;2,5
Cirò Marina;0;18;1,31;4,8
Cisano Bergamasco;0;12;1,91;3,3
Ciserano;0;14;2,53;0,67
Cislago;0;17;1,66;1,3
Cisliano;0;6;1,17;0,0
Cisterna di Latina;0;72;2,01;4,6
Cisternino;0;13;1,21;2,9
Cittadella;0;54;2,71;2,2
Cittaducale;0;13;2,1;3,29
Cittanova;0;12;1,26;1,56
Città Sant'Angelo;1;53;3,6;2,1
Città della Pieve;0;19;2,59;6,0
Città di Castello;0;101;2,61;2,1
Cividale del Friuli;0;25;2,3;2,9
Cividate al Piano;0;7;1,46;0,0
Civita Castellana;0;31;2,01;5,5
Civitanova Marche;1;228;5,45;0,9
Civitavecchia;1;152;2,94;1,0
Civitella in Val di Chiana;1;36;4,14;2,9
Cles;0;16;2,28;3,6
Clusone;0;15;1,8;5,22
Coccaglio;0;14;1,62;1,12
Codevigo;1;27;4,31;7,1
Codigoro;0;32;2,78;4,1
Codogno;0;22;1,42;1,6
Codognè;0;9;1,82;3,71
Codroipo;0;34;2,18;3,2
Cogliate;0;13;1,61;2,5
Cogoleto;0;24;2,7;1,3
Cogorno;0;11;2,02;0,88
Colico;0;16;2,11;6,7
Colle Umberto;0;11;2,18;0,0
Colle di Val d'Elsa;1;73;3,39;2,2
Collecchio;1;52;3,61;2,3
Collecorvino;0;8;1,37;0,0
Colleferro;0;48;2,29;1,3
Collegno;1;144;2,95;1,0
Collepasso;0;7;1,34;13,0
Collesalvetti;1;72;4,35;4,0
Cologna Veneta;0;16;1,88;6,0
Cologne;0;16;2,21;2,1
Cologno Monzese;1;151;3,22;0,7
Cologno al Serio;0;18;1,64;2,3
Colognola ai Colli;1;27;3,24;2,0
Colorno;0;22;2,5;4,0
Comacchio;1;101;4,57;3,1
Comiso;0;45;1,5;3,7
Como;1;405;4,77;0,8
Concesio;0;30;1,99;1,5
Concordia Sagittaria;0;19;1,85;4,1
Concordia sulla Secchia;0;16;1,98;3,4
Concorezzo;0;36;2,31;1,3
Condofuri;0;7;1,4;0,0
Conegliano;1;119;3,43;0,7
Conselice;0;22;2,29;1,7
Conselve;0;21;2,13;2,6
Conversano;1;78;3,04;1,6
Copertino;0;35;1,5;2,9
Copparo;0;38;2,38;3,3
Corato;0;89;1,89;2,5
Corbetta;0;33;1,79;1,0
Corciano;0;57;2,71;2,5
Cordenons;0;31;1,74;1,3
Cordignano;0;15;2,17;3,22
Coreglia Antelminelli;0;9;1,76;1,83
Cori;0;11;1,1;4,0
Coriano;1;37;3,54;2,3
Corigliano d'Otranto;0;13;2,36;1,6
Corinaldo;0;10;1,98;4,5
Corleone;0;9;0,86;8,8
Cormano;1;95;4,7;0,7
Cormons;0;18;2,62;2,1
Cornaredo;0;36;1,82;0,6
Cornate d'Adda;0;14;1,33;0,0
Cornedo Vicentino;0;27;2,32;1,8
Cornuda;0;11;1,8;5,22
Correggio;1;78;3,09;1,9
Correzzola;0;15;2,9;7,44
Corridonia;1;53;3,54;1,9
Corropoli;0;14;2,94;5,9
Corsano;0;7;1,42;3,0
Corsico;1;116;3,42;0,8
Corte Franca;0;10;1,47;3,0
Cortina d'Ampezzo;1;22;3,88;0,8
Cortona;1;73;3,38;2,6
Cosenza;0;116;1,78;2,7
Cosio Valtellino;1;19;3,51;2,4
Cossato;0;31;2,22;2,9
Costa Volpino;0;22;2,52;2,8
Costabissara;0;17;2,32;2,12
Costigliole d'Asti;0;9;1,61;4,83
Cotignola;1;33;4,47;2,9
Creazzo;0;16;1,5;0,8
Crema;1;145;4,27;0,8
Cremona;1;369;5,18;0,8
Crescentino;0;7;0,95;7,0
Crespina Lorenzana;0;15;2,8;4,3
Crevalcore;0;30;2,25;3,2
Crispano;0;7;0,6;0,0
Crispiano;0;15;1,15;6,5
Crocetta del Montello;0;13;2,2;6,22
Crosia;0;11;1,2;1,5
Crotone;0;150;2,49;3,7
Cuggiono;0;13;1,7;1,7
Cumiana;0;7;0,92;3,25
Cuneo;1;222;3,98;1,2
Cuorgnè;0;10;1,12;4,88
Cupra Marittima;1;24;4,6;2,9
Cura Carpignano;0;10;1,98;0,0
Curinga;0;9;1,4;5,22
Curno;1;43;5,72;0,8
Curtarolo;0;14;2,04;1,9
Curtatone;0;35;2,38;2,7
Curti;0;14;2,04;0,6
Cusano Milanino;0;50;2,7;0,8
Custonaci;0;9;1,67;20,25
Cutro;0;12;1,24;1,4
Cutrofiano;0;16;1,83;2,2
Dairago;0;10;1,57;0,0
Dalmine;1;77;3,29;0,8
Darfo Boario Terme;0;41;2,66;4,7
Davoli;0;8;1,47;4,6
Decimomannu;0;16;1,99;3,1
Dello;0;9;1,68;1,8
Deruta;0;15;1,6;1,5
Desenzano del Garda;1;135;4,7;2,5
Desio;1;127;3,07;0,2
Diamante;0;11;2,25;2,12
Diano Marina;1;26;4,64;0,5
Dicomano;0;11;2,06;4,89
Dolo;0;39;2,65;3,4
Domodossola;0;32;1,81;2,2
Dorgali;0;9;1,16;16,62
Dozza;1;22;3,39;1,8
Dro;1;16;3,22;4,17
Dronero;0;10;1,5;12,0
Druento;0;11;1,28;2,0
Due Carrare;0;28;3,14;4,3
Dueville;0;28;2,09;2,0
Duino Aurisina-Devin Nabrežina;1;42;5,03;4,7
Eboli;1;130;3,39;4,1
Egna/Neumarkt;0;15;2,84;5,2
Elmas;0;27;2,93;2,5
Empoli;1;209;4,29;1,0
Enna;0;75;2,84;3,2
Eraclea;0;31;2,59;5,2
Erba;0;41;2,53;1,2
Erbusco;1;32;3,79;2,6
Erchie;0;12;1,43;2,33
Ercolano;0;56;1,09;2,7
Erice;0;49;1,84;1,4
Esine;0;13;2,65;8,0
Este;0;46;2,88;2,6
Fabbrico;0;10;1,54;1,89
Fabriano;0;54;1,81;2,2
Fabrica di Roma;0;13;1,64;3,33
Faenza;1;275;4,71;2,2
Fagagna;0;19;3,11;3,6
Fagnano Olona;0;23;1,88;2,3
Falconara Marittima;1;106;4,1;1,6
Fano;1;261;4,31;1,0
Fara Gera d'Adda;0;9;1,13;22,0
Fara in Sabina;0;29;2,15;5,7
Farra di Soligo;0;11;1,31;2,3
Fasano;0;108;2,78;4,1
Favara;0;30;0,95;2,3
Favria;0;6;1,17;0,0
Felino;0;14;1,64;5,3
Feltre;1;61;2,99;2,3
Ferentino;1;66;3,25;4,2
Fermignano;0;20;2,42;4,6
Fermo;1;146;4,0;1,5
Ferno;0;14;2,13;1,7
Ferrandina;0;9;1,1;10,4
Ferrara;1;554;4,22;2,0
Fiano Romano;0;45;2,9;2,5
Ficarazzi;0;22;1,75;0,9
Fidenza;1;86;3,21;2,7
Fiesole;1;43;3,16;1,1
Fiesso d'Artico;0;21;2,59;2,2
Figino Serenza;0;6;1,23;0,0
Figline e Incisa Valdarno;1;90;3,87;1,4
Filottrano;0;14;1,58;4,2
Finale Emilia;0;27;1,8;4,9
Finale Ligure;1;79;6,97;1,1
Fino Mornasco;1;35;3,56;1,7
Fiorano Modenese;1;76;4,48;0,7
Fiorenzuola d'Arda;1;53;3,57;2,5
Firenze;1;2496;6,76;0,7
Fiscaglia;0;23;2,72;5,6
Fisciano;0;37;2,66;1,0
Fiuggi;0;17;1,76;1,4
Fiume Veneto;0;28;2,42;1,6
Fiumefreddo di Sicilia;0;20;2,24;2,3
Fiumicino;1;315;4,06;1,8
Fivizzano;0;12;1,59;5,1
Flero;0;17;2,01;3,1
Floridia;0;48;2,23;0,3
Foggia;1;518;3,48;2,2
Foiano della Chiana;0;25;2,74;3,1
Folignano;0;11;1,27;0,8
Foligno;1;197;3,54;1,5
Follo;0;7;1,16;0,0
Follonica;1;83;3,96;0,7
Fondi;1;128;3,27;3,2
Fontanafredda;1;36;2,93;1,7
Fontanellato;1;36;5,22;3,9
Fontanelle;0;10;1,77;9,7
Fontaniva;0;15;1,87;1,6
Fonte;0;12;2,17;2,6
Fonte Nuova;0;48;1,52;2,6
Fontevivo;1;23;4,25;3,2
Forino;0;6;1,22;0,0
Forio;0;39;2,28;0,0
Forlimpopoli;0;37;2,83;2,2
Forlì;1;571;4,86;1,5
Formello;0;15;1,2;1,5
Formia;1;129;3,47;1,5
Formigine;0;80;2,36;3,1
Fornovo di Taro;0;17;2,95;3,7
Forte dei Marmi;1;102;14,45;0,6
Fossacesia;0;15;2,49;3,0
Fossalta di Portogruaro;1;20;3,51;2,1
Fossano;0;62;2,54;3,0
Fossombrone;0;23;2,5;5,1
Fossò;0;13;1,89;0,0
Fragagnano;0;7;1,34;11,0
Francavilla Fontana;0;90;2,53;2,2
Francavilla al Mare;1;81;3,25;1,9
Francofonte;0;10;0,82;5,0
Frascati;1;66;2,99;1,2
Frattamaggiore;0;29;1,01;1,5
Frattaminore;0;8;0,52;2,33
Frignano;0;12;1,33;1,2
Frosinone;1;149;3,34;1,7
Fucecchio;0;66;2,86;2,1
Fuscaldo;0;9;1,16;4,5
Fusignano;0;19;2,38;0,4
Gabicce Mare;1;28;4,96;1,3
Gaeta;1;69;3,45;2,0
Gaggiano;1;43;4,75;1,6
Gagliano del Capo;0;10;1,95;0,0
Gaiarine;0;8;1,45;4,0
Galatina;0;69;2,65;1,5
Galatone;1;47;3,11;2,5
Galbiate;0;21;2,58;1,6
Gallarate;1;295;5,54;0,9
Galliate;0;36;2,35;2,6
Gallicano nel Lazio;0;20;3,24;6,2
Galliera;0;10;1,95;1,7
Galliera Veneta;0;12;1,79;1,6
Gallipoli;1;61;3,06;2,1
Gambettola;0;17;1,68;2,3
Gambolò;0;17;1,75;6,25
Gandino;0;6;1,2;0,0
Garbagnate Milanese;0;68;2,52;0,9
Gardone Val Trompia;0;15;1,31;1,3
Garlasco;0;20;2,08;2,4
Gassino Torinese;0;13;1,48;6,4
Gattatico;1;21;3,73;3,4
Gatteo;1;30;3,33;1,5
Gattinara;0;12;1,55;1,5
Gavardo;0;24;2,05;3,5
Gavirate;0;18;1,95;2,67
Gavorrano;0;22;2,62;5,2
Gazzaniga;0;11;2,22;2,25
Gazzo Veronese;0;10;2,07;5,56
Gela;1;246;3,39;1,2
Gemona del Friuli;0;23;2,19;3,2
Genazzano;0;9;1,62;6,67
Genova;1;4012;7,04;0,5
Genzano di Lucania;0;6;1,16;0,0
Genzano di Roma;0;50;2,16;2,0
Gerenzano;0;18;1,7;1,3
Gessate;0;17;1,97;4,9
Ghedi;0;45;2,45;1,9
Ghisalba;0;12;2,01;1,67
Giardini-Naxos;0;24;2,67;2,5
Giarre;1;106;3,96;0,8
Giaveno;0;20;1,28;1,5
Giavera del Montello;0;7;1,46;3,5
Giffoni Sei Casali;0;9;1,76;0,0
Giffoni Valle Piana;0;12;1,07;1,8
Ginosa;0;35;1,62;5,6
Gioia Tauro;0;26;1,37;3,4
Gioia del Colle;0;47;1,74;4,6
Gioiosa Ionica;0;8;1,16;4,0
Gioiosa Marea;0;8;1,27;7,33
Giovinazzo;1;58;2,99;1,5
Girifalco;0;7;1,36;16,5
Giugliano in Campania;0;161;1,33;4,4
Giulianova;1;96;4,12;1,4
Giussago;0;7;1,4;1,89
Giussano;1;108;4,2;1,0
Gizzeria;0;11;2,13;12,6
Godega di Sant'Urbano;0;13;2,28;6,9
Goito;0;21;2,12;3,0
Gonzaga;0;23;2,69;0,8
Gorgonzola;0;42;2,07;2,5
Gorizia;1;99;2,93;1,6
Gorla Maggiore;0;8;1,72;0,0
Gorla Minore;0;16;2,05;1,0
Gorlago;0;15;3,04;5,4
Gorle;0;11;1,81;2,0
Gossolengo;0;11;2,04;1,89
Gottolengo;0;8;1,72;3,75
Gozzano;1;17;3,16;1,4
Gradisca d'Isonzo;0;18;2,86;2,0
Grado;0;14;1,79;6,6
Gragnano;0;39;1,4;1,8
Grammichele;0;10;0,82;1,67
Granarolo dell'Emilia;1;39;3,21;4,0
Grassobbio;0;15;2,35;2,5
Gravellona Toce;0;12;1,55;1,8
Gravina di Catania;0;51;2,03;1,4
Gravina in Puglia;0;60;1,42;3,0
Grazzanise;0;7;1,11;15,62
Greve in Chianti;0;37;2,77;3,4
Grezzana;0;15;1,42;6,67
Gricignano di Aversa;0;20;1,66;1,9
Grosseto;1;411;5,03;1,5
Grottaferrata;0;48;2,42;1,9
Grottaglie;0;72;2,31;1,4
Grottaminarda;0;21;2,71;2,4
Grottammare;1;63;3,95;2,0
Grugliasco;0;59;1,61;1,0
Grumello del Monte;0;19;2,63;0,6
Grumo Appula;0;13;1,07;8,6
Grumo Nevano;0;13;0,74;2,3
Guagnano;0;11;1,98;2,0
Gualdo Cattaneo;0;7;1,34;4,4
Gualdo Tadino;0;28;1,93;5,6
Gualtieri;0;14;2,29;0,78
Guanzate;0;12;2,14;5,0
Guardiagrele;0;7;0,82;7,5
Guastalla;1;49;3,3;1,2
Gubbio;0;78;2,5;3,5
Guglionesi;0;8;1,56;3,0
Guidizzolo;0;11;1,95;4,3
Guidonia Montecelio;0;152;1,75;3,2
Gussago;0;26;1,59;2,2
Illasi;0;8;1,71;1,14
Imola;1;302;4,32;2,0
Imperia;1;210;4,99;0,4
Impruneta;1;67;4,66;2,0
Induno Olona;0;23;2,24;3,8
Inverigo;0;19;2,1;1,5
Inveruno;1;25;3,01;1,5
Inzago;0;20;1,78;2,7
Ischia;0;35;1,82;2,7
Iseo;1;41;4,55;3,1
Isernia;0;52;2,5;1,8
Isola Vicentina;0;14;1,42;1,9
Isola del Liri;0;17;1,6;1,5
Isola della Scala;0;34;2,96;5,1
Isola delle Femmine;1;24;3,49;3,3
Isola di Capo Rizzuto;0;19;1,09;3,0
Ispica;0;32;2,03;4,1
Ispra;0;7;1,42;0,0
Istrana;0;19;2,08;3,0
Itri;0;17;1,66;7,3
Ittiri;0;8;1,01;15,14
Ivrea;0;56;2,47;1,8
Jerago con Orago;0;11;2,15;3,9
Jesi;1;172;4,35;1,2
Jesolo;1;185;7,08;1,8
L'Aquila;1;199;2,85;2,0
La Loggia;0;14;1,69;3,7
La Spezia;1;459;4,94;0,5
Labico;0;15;2,44;2,6
Lacchiarella;0;25;2,82;2,7
Laces/Latsch;0;11;2,26;3,6
Ladispoli;0;67;1,68;2,9
Lagonegro;0;13;2,5;4,12
Lagundo/Algund;1;14;2,92;0,0
Lainate;1;88;3,44;0,5
Laives/Leifers;0;33;1,84;2,1
Lamezia Terme;0;143;2,11;1,9
Lampedusa e Linosa;0;8;1,31;0,0
Lamporecchio;0;16;2,16;5,2
Lana/Lana;0;32;2,64;2,5
Lanciano;0;90;2,61;2,3
Landriano;0;16;2,53;3,6
Langhirano;0;26;2,48;3,5
Lanuvio;0;26;2,04;5,5
Lanzo Torinese;0;13;2,64;13,0
Larciano;0;18;2,9;1,7
Lariano;0;17;1,35;2,2
Larino;0;11;1,71;5,67
Lastra a Signa;1;103;5,23;1,6
Laterza;0;30;2,06;10,3
Latiano;0;22;1,62;1,6
Latina;1;452;3,58;2,5
Latisana;0;27;2,09;0,3
Laureana di Borrello;0;8;1,54;0,0
Lauria;0;17;1,44;5,5
Lavagna;1;97;7,83;1,0
Lavagno;0;19;2,29;1,8
Lavello;0;13;1,04;4,4
Lavena Ponte Tresa;1;17;3,15;2,2
Laveno-Mombello;0;10;1,24;0,86
Lavis;0;18;2,06;2,2
Lazise;1;43;6,24;1,4
Lazzate;0;8;1,15;1,33
Lecce;1;454;4,82;1,1
Lecco;1;217;4,56;0,9
Ledro;0;14;2,71;0,67
Legnago;1;93;3,71;1,5
Legnano;1;284;4,77;0,5
Legnaro;0;22;2,45;4,3
Leini;0;34;2,11;5,8
Lendinara;0;26;2,31;3,6
Leno;0;26;1,86;2,8
Lentate sul Seveso;1;61;3,86;1,4
Lentini;0;33;1,48;4,7
Leonforte;0;11;0,89;0,6
Leporano;0;14;1,83;4,0
Lequile;0;20;2,38;5,8
Lercara Friddi;0;6;0,98;5,8
Lerici;1;35;3,68;1,0
Lesignano de' Bagni;0;8;1,7;0,0
Lesina;0;9;1,58;26,33
Lesmo;0;15;1,77;0,56
Lettere;0;6;0,99;0,0
Levanto;0;7;1,42;6,25
Leverano;0;25;1,84;3,5
Levico Terme;0;17;2,12;7,1
Licata;0;49;1,39;3,5
Lignano Sabbiadoro;1;54;7,99;0,4
Limana;0;7;1,37;0,0
Limbiate;0;76;2,19;0,2
Limena;0;21;2,67;3,1
Linguaglossa;0;8;1,66;0,0
Lioni;0;9;1,64;0,88
Lipari;0;10;0,84;3,62
Lipomo;0;14;2,39;1,2
Lissone;1;158;3,46;0,5
Livigno;0;13;2,1;4,12
Livorno;1;970;6,2;0,8
Lizzanello;0;10;0,87;4,62
Lizzano;0;12;1,29;3,3
Loano;1;59;5,42;0,6
Locate di Triulzi;0;26;2,53;2,5
Locorotondo;0;29;2,13;2,2
Locri;0;30;2,53;2,7
Lodi;1;167;3,76;1,0
Lodi Vecchio;0;14;1,87;2,1
Lomagna;0;7;1,48;0,0
Lomazzo;1;34;3,47;1,9
Lonate Ceppino;0;7;1,35;0,0
Lonate Pozzolo;1;41;3,56;3,3
Lonato del Garda;1;73;4,41;1,7
Longare;0;15;2,84;5,1
Longarone;0;15;2,92;4,7
Longiano;0;14;2,02;1,9
Lonigo;0;41;2,56;1,2
Loreggia;0;20;2,65;2,3
Loreto;0;35;2,72;1,9
Loreto Aprutino;0;11;1,54;4,8
Loria;0;11;1,25;3,7
Loro Ciuffenna;0;7;1,25;0,0
Lovere;1;15;2,95;0,67
Lucca;1;459;5,19;1,1
Lucera;0;57;1,79;3,4
Luco dei Marsi;0;9;1,54;2,7
Lugo;1;127;3,99;2,2
Luino;0;39;2,76;1,6
Lumezzane;0;25;1,15;1,1
Luni;0;16;2,05;2,57
Lurago d'Erba;0;11;2,17;4,5
Lurate Caccivio;0;15;1,55;1,9
Lusciano;0;19;1,27;2,9
Luserna San Giovanni;0;6;0,9;7,25
Luzzara;0;20;2,33;4,2
Luzzi;0;10;1,14;10,33
Macerata;1;146;3,55;1,5
Macerata Campania;0;8;0,83;1,5
Macherio;0;13;1,87;0,0
Macomer;0;21;2,15;0,6
Maddaloni;0;75;1,99;3,8
Magenta;1;78;3,26;0,5
Magione;0;40;2,71;2,7
Maglie;0;27;2,01;1,2
Magnago;0;12;1,37;0,56
Maiolati Spontini;1;20;3,34;1,78
Maiori;1;25;4,66;1,6
Majano;0;9;1,62;3,5
Malalbergo;0;27;3,02;3,1
Malles Venosta/Mals;0;11;2,21;6,1
Malnate;0;28;1,71;2,3
Malo;0;30;2,09;2,6
Manciano;0;13;1,8;2,1
Mandello del Lario;0;23;2,35;2,9
Manduria;0;84;2,78;2,4
Manerba del Garda;1;19;3,66;0,4
Manerbio;0;28;2,12;2,7
Manfredonia;0;108;1,97;3,2
Maniago;0;19;1,69;1,0
Manoppello;0;13;1,9;4,4
Mantova;1;245;5,04;0,7
Manzano;0;10;1,6;4,67
Manziana;0;14;1,83;5,0
Mapello;0;12;1,83;0,0
Maracalagonis;0;10;1,33;3,38
Maranello;0;48;2,79;1,4
Marano Vicentino;0;15;1,68;2,6
Marano di Napoli;0;44;0,77;1,4
Marano sul Panaro;0;15;2,89;2,6
Maratea;0;11;2,33;1,2
Marcallo con Casone;0;15;2,47;3,7
Marcaria;0;18;2,84;8,2
Marcellina;0;7;1,1;2,4
Marcianise;1;115;2,96;1,8
Marcon;0;25;1,47;1,0
Mareno di Piave;0;23;2,47;3,5
Margherita di Savoia;0;25;2,23;2,8
Mariano Comense;0;65;2,62;1,2
Mariglianella;0;13;1,72;1,22
Marigliano;0;49;1,68;1,5
Marina di Gioiosa Ionica;0;11;1,84;3,3
Marineo;0;6;0,99;33,0
Marino;0;88;2,0;2,1
Marmirolo;0;18;2,45;6,1
Marnate;0;11;1,39;1,2
Marostica;1;40;2,89;1,7
Marsala;0;212;2,62;2,3
Marsciano;0;22;1,23;4,4
Marsicovetere;0;9;1,66;3,57
Martano;0;14;1,62;2,7
Martellago;0;35;1,66;2,0
Martignacco;0;8;1,28;2,83
Martina Franca;0;88;1,85;1,3
Martinengo;0;15;1,46;3,7
Martinsicuro;1;65;4,1;2,4
Maruggio;0;9;1,81;5,62
Marzabotto;1;22;3,36;3,8
Mascali;1;49;3,51;2,3
Mascalucia;0;71;2,29;1,0
Maser;0;11;2,32;4,5
Maserada sul Piave;0;14;1,56;2,6
Maserà di Padova;0;19;2,16;2,8
Massa;1;380;5,63;0,9
Massa Lombarda;0;28;2,68;2,3
Massa Lubrense;0;23;1,68;0,4
Massa Marittima;0;20;2,42;4,0
Massa e Cozzile;1;27;3,48;0,3
Massafra;0;48;1,51;3,7
Massanzago;0;10;1,78;2,25
Massarosa;1;83;3,8;1,4
Matelica;0;21;2,24;2,7
Matera;1;198;3,3;1,6
Matino;0;13;1,23;3,33
Mattinata;0;7;1,11;0,0
Mazara del Vallo;0;127;2,52;2,3
Mazzano;0;31;2,56;3,2
Mazzarino;0;11;0,91;0,0
Meda;1;70;3,03;0,6
Mede;0;10;1,65;9,88
Medesano;0;24;2,22;4,6
Medicina;0;33;2,01;5,8
Mediglia;0;22;1,87;4,67
Medolla;1;21;3,35;2,7
Meldola;0;23;2,31;2,6
Melegnano;0;50;2,81;1,3
Melendugno;0;21;2,2;7,4
Melfi;0;35;2,06;5,0
Melilli;0;26;1,96;1,4
Melissano;0;12;1,85;4,4
Melito di Napoli;0;24;0,67;3,1
Melito di Porto Salvo;0;18;1,7;1,2
Melzo;0;29;1,58;0,9
Menfi;0;15;1,28;3,3
Mentana;0;44;1,93;1,0
Meolo;0;11;1,81;6,3
Merano/Meran;1;153;3,78;0,7
Merate;1;42;2,89;1,4
Mercato San Severino;0;59;2,71;2,3
Mercato Saraceno;0;12;1,83;3,44
Mercogliano;0;12;1,03;3,4
Mesagne;0;72;2,77;2,2
Mesola;0;15;2,34;10,9
Messina;1;755;3,33;1,6
Mestrino;0;26;2,32;1,7
Meta;0;22;2,89;2,2
Mezzocorona;0;10;1,86;1,0
Mezzolombardo;0;19;2,6;3,3
Milano;2;8277;6,05;0,6
Milazzo;1;90;2,97;2,0
Mileto;0;7;1,11;3,67
Mineo;0;12;2,47;18,0
Minerbio;0;17;1,97;3,0
Minervino Murge;0;9;1,11;2,0
Minturno;0;44;2,2;0,7
Mira;0;93;2,44;2,1
Mirabella Eclano;0;8;1,27;12,0
Mirandola;1;85;3,57;1,7
Mirano;1;82;3,06;2,8
Misano Adriatico;1;65;4,78;2,3
Misilmeri;0;46;1,61;3,7
Misinto;0;8;1,41;25,0
Missaglia;0;13;1,51;0,9
Misterbianco;0;114;2,33;0,9
Modena;1;1038;5,58;1,2
Modica;0;143;2,66;2,7
Modugno;1;119;3,19;1,9
Moglia;0;9;1,66;1,12
Mogliano Veneto;1;81;2,95;2,2
Mola di Bari;0;52;2,12;2,1
Molfetta;0;136;2,35;1,5
Molinella;0;25;1,6;4,9
Moncalieri;0;153;2,71;0,9
Mondolfo;1;51;3,7;1,5
Mondovì;0;48;2,17;1,8
Mondragone;0;78;2,77;4,9
Monfalcone;1;120;4,2;1,0
Monopoli;1;142;2,96;1,7
Monreale;0;48;1,27;4,5
Monselice;1;65;3,77;2,4
Monserrato;0;37;1,93;2,0
Monsummano Terme;1;62;2,94;1,3
Montagnana;0;19;2,16;2,3
Montalbano Jonico;0;9;1,44;4,78
Montale;0;23;2,17;1,6
Montalto Uffugo;0;28;1,4;6,3
Montalto di Castro;0;15;1,81;5,9
Montanaro;0;7;1,38;0,0
Montano Lucino;0;14;2,68;0,0
Monte Argentario;1;40;3,32;1,2
Monte Compatri;0;26;2,26;3,7
Monte Porzio Catone;0;15;1,85;1,3
Monte San Biagio;0;10;1,72;2,3
Monte San Giovanni Campano;0;11;0,95;8,56
Monte San Giusto;0;17;2,22;4,2
Monte San Pietro;0;21;2,0;2,5
Monte San Savino;1;27;3,11;1,4
Monte San Vito;0;10;1,52;0,0
Monte Sant'Angelo;0;10;0,91;10,29
Monte Urano;0;19;2,42;2,5
Monte di Procida;0;12;1,04;0,0
Montebello Jonico;0;8;1,51;7,71
Montebello Vicentino;1;32;5,12;4,3
Montebelluna;1;108;3,46;2,2
Montecassiano;0;17;2,47;1,4
Montecastrilli;0;6;1,19;0,0
Montecatini-Terme;1;80;3,98;1,4
Montecchio Emilia;0;26;2,5;1,7
Montecchio Maggiore;1;79;3,41;2,1
Montecchio Precalcino;0;9;1,82;0,0
Montechiarugolo;0;23;2,13;2,9
Montecorvino Pugliano;0;22;2,04;2,6
Montecorvino Rovella;0;18;1,51;0,6
Montecosaro;0;19;2,66;1,8
Montefalco;0;12;2,36;0,5
Montefiascone;0;30;2,32;2,1
Monteforte Irpino;0;13;1,12;3,3
Monteforte d'Alpone;0;15;1,74;3,0
Montegiorgio;1;23;3,55;3,9
Montegranaro;0;20;1,62;2,5
Montegrotto Terme;0;29;2,55;1,5
Monteiasi;0;7;1,25;29,0
Montelabbate;0;15;2,22;3,5
Montelibretti;0;12;2,38;8,6
Montella;0;7;1,02;3,83
Montelupo Fiorentino;0;39;2,76;1,2
Montemarciano;1;37;3,77;1,9
Montemiletto;0;6;1,28;11,33
Montemurlo;1;63;3,36;0,8
Montenero di Bisaccia;0;10;1,69;6,89
Montepaone;0;9;1,73;5,57
Monteprandone;1;42;3,29;0,8
Montepulciano;1;50;3,68;4,5
Monterenzio;0;13;2,18;4,11
Monteriggioni;1;36;3,65;3,2
Monteroni d'Arbia;0;12;1,4;2,9
Monteroni di Lecce;0;19;1,45;2,9
Monterotondo;0;75;1,84;1,6
Montesano sulla Marcellana;0;9;1,43;1,57
Montesarchio;0;16;1,22;4,1
Montescaglioso;0;10;1,05;7,12
Montesilvano;0;143;2,7;1,3
Montespertoli;0;29;2,19;3,3
Montevarchi;0;63;2,63;2,4
Monticelli d'Ongina;0;10;2,07;4,89
Monticello Conte Otto;0;9;1,03;4,38
Montichiari;1;84;3,3;2,4
Montignoso;1;35;3,46;2,0
Montirone;0;9;1,87;11,33
Montopoli in Val d'Arno;0;33;3,02;3,4
Montorio al Vomano;0;11;1,42;6,8
Montoro;0;25;1,33;1,2
Monza;1;606;4,92;0,8
Monzuno;0;12;1,98;4,6
Morbegno;0;27;2,24;0,9
Morciano di Romagna;0;16;2,31;0,0
Mori;0;20;2,04;2,2
Morlupo;0;10;1,2;1,43
Mornago;0;7;1,39;0,0
Morrovalle;1;31;3,16;3,6
Mortara;0;28;1,89;2,6
Mosciano Sant'Angelo;0;26;2,89;2,2
Motta San Giovanni;0;10;1,72;1,0
Motta Sant'Anastasia;0;24;2,03;3,7
Motta Visconti;0;8;1,02;0,0
Motta di Livenza;0;16;1,5;5,4
Mottola;0;20;1,34;15,4
Mozzate;0;13;1,54;2,2
Mozzecane;0;14;1,82;2,0
Mozzo;0;14;1,95;2,1
Muggia;0;18;1,44;3,1
Muggiò;0;41;1,76;0,5
Mugnano di Napoli;0;46;1,33;0,9
Mulazzano;0;8;1,42;0,0
Muro Leccese;0;13;2,59;31,0
Musile di Piave;0;36;3,16;4,6
Mussolente;0;13;1,8;0,5
Mussomeli;0;9;0,93;1,0
Napoli;1;2326;2,48;1,1
Nardò;1;130;4,2;1,9
Narni;1;58;3,13;3,1
Naro;0;7;0,99;14,75
Naturno/Naturns;0;12;2,16;2,7
Nave;0;15;1,48;0,5
Negrar;0;24;1,46;4,0
Negrar di Valpolicella;0;24;1,47;2,4
Nembro;1;34;3,05;1,0
Nepi;1;35;3,81;2,7
Nereto;0;8;1,59;0,0
Nervesa della Battaglia;0;15;2,33;3,0
Nerviano;1;51;3,02;1,0
Nettuno;0;125;2,62;1,6
Neviano;0;9;1,75;0,0
Nichelino;0;129;2,75;1,4
Nicolosi;0;11;1,56;0,5
Nicosia;0;11;0,89;2,33
Nicotera;0;7;1,14;7,25
Niscemi;0;31;1,21;4,0
Nizza Monferrato;0;16;1,56;5,56
Noale;0;28;1,78;2,7
Nocera Inferiore;0;95;2,13;1,1
Nocera Superiore;0;51;2,15;1,7
Nocera Umbra;0;7;1,41;4,83
Noceto;1;45;3,51;2,7
Noci;0;28;1,51;1,8
Nogara;0;21;2,54;4,4
Noicattaro;0;61;2,34;1,4
Nola;0;61;1,8;2,8
Nole;0;9;1,38;3,8
Nonantola;0;36;2,27;1,6
Notaresco;0;14;2,24;3,9
Noto;0;52;2,18;3,7
Nova Milanese;0;53;2,31;1,4
Nova Siri;0;6;0,9;8,5
Novafeltria;0;18;2,57;1,9
Novara;1;394;3,84;1,1
Novate Milanese;1;65;3,27;0,4
Nove;0;12;2,38;0,0
Novellara;1;42;3,13;2,8
Noventa Padovana;0;29;2,57;0,7
Noventa Vicentina;0;18;2,02;3,9
Noventa di Piave;0;22;3,23;6,9
Novi Ligure;1;107;3,84;1,3
Novi di Modena;0;21;2,09;4,2
Novoli;0;9;1,22;5,67
Nuoro;0;92;2,65;2,5
Occhiobello;0;35;2,95;2,2
Oderzo;0;35;1,74;2,3
Offanengo;0;9;1,53;2,75
Offida;0;12;2,38;8,0
Oggiono;0;23;2,66;0,3
Oleggio;0;33;2,37;2,4
Olevano Romano;0;7;1,12;0,0
Olevano sul Tusciano;0;9;1,42;5,0
Olgiate Comasco;0;33;2,88;1,6
Olgiate Molgora;0;7;1,12;2,43
Olgiate Olona;1;61;4,94;0,2
Olginate;0;13;1,88;1,2
Oliena;0;9;1,4;2,5
Omegna;0;27;1,89;1,1
Opera;0;35;2,54;0,7
Oppeano;1;32;3,28;4,6
Oppido Mamertina;0;7;1,33;0,0
Orbassano;1;74;3,22;1,9
Orbetello;1;67;4,66;2,0
Oria;0;28;1,92;2,9
Origgio;1;34;4,37;3,9
Oristano;1;93;3,04;1,0
Ornago;0;8;1,59;6,0
Orosei;0;10;1,52;8,56
Orta Nova;0;24;1,41;3,8
Orta di Atella;0;18;0,66;3,5
Orte;0;18;2,01;4,3
Ortona;0;64;2,85;3,2
Ortonovo;0;13;1,61;0,0
Orvieto;1;66;3,32;3,2
Orzinuovi;0;24;1,99;5,6
Osimo;1;106;3,05;1,5
Osio Sopra;1;16;3,25;0,8
Osio Sotto;1;38;3,04;2,7
Ospedaletto Euganeo;0;12;2,27;4,2
Ospitaletto;0;24;1,71;2,6
Ossi;0;6;1,13;3,4
Ostellato;1;23;3,97;2,5
Ostiglia;0;15;2,25;2,0
Ostra;0;12;1,95;4,11
Ostuni;0;85;2,78;3,5
Otranto;0;13;2,42;7,6
Ottaviano;0;29;1,27;3,4
Ovada;0;29;2,62;0,5
Ozieri;0;15;1,5;3,1
Ozzano dell'Emilia;1;46;3,33;2,3
Pace del Mela;0;13;2,22;1,0
Paceco;1;32;2,88;1,0
Pachino;0;34;1,58;3,4
Paderno Dugnano;1;155;3,28;1,0
Padova;1;1127;5,4;1,0
Padula;1;20;3,8;1,5
Paese;0;41;1,89;3,5
Pagani;0;54;1,56;2,0
Pagnacco;0;10;2,08;6,71
Palagianello;0;7;0,92;6,0
Palagiano;0;33;2,12;2,9
Palagonia;0;23;1,46;4,1
Palazzolo sull'Oglio;0;54;2,73;1,0
Palermo;1;1995;3,08;1,0
Palestrina;0;45;2,05;2,7
Paliano;0;19;2,44;6,8
Palma Campania;0;26;1,63;2,3
Palma di Montechiaro;0;19;0,92;3,44
Palmanova;0;13;2,57;3,2
Palmi;0;48;2,67;1,5
Palo del Colle;0;35;1,69;2,4
Palombara Sabina;0;15;1,2;4,67
Palosco;0;7;1,22;8,71
Pandino;0;18;2,08;1,2
Panicale;0;8;1,6;1,29
Pantelleria;0;7;1,03;0,0
Pantigliate;0;8;1,5;0,0
Paola;0;29;1,89;1,3
Parabiago;1;87;3,12;0,8
Parabita;0;14;1,63;4,8
Paratico;0;6;1,2;0,0
Parete;0;7;0,65;0,0
Parma;1;833;4,25;1,0
Partanna;0;14;1,38;3,8
Partinico;0;64;2,07;2,2
Pasian di Prato;0;11;1,26;4,38
Pasiano di Pordenone;0;14;1,88;1,1
Passignano sul Trasimeno;0;16;2,93;2,3
Passirano;0;17;2,46;4,9
Paternò;0;73;1,6;4,4
Patti;0;27;2,08;3,2
Paullo;0;27;2,41;0,9
Pavia;1;383;5,38;0,7
Pavia di Udine;0;11;2,03;3,43
Pavullo nel Frignano;1;56;3,16;2,3
Pedara;0;21;1,43;1,4
Pederobba;0;21;2,98;6,9
Pedrengo;0;16;2,81;2,7
Pegognaga;0;22;3,19;5,9
Pelago;1;30;3,89;2,3
Pellezzano;0;16;1,47;2,2
Penne;0;21;1,79;2,1
Pergine Valsugana;0;49;2,29;3,7
Pergola;0;8;1,47;2,11
Pero;1;53;4,76;1,8
Perugia;1;486;2,97;1,6
Pesaro;1;503;5,3;1,2
Pescantina;0;26;1,56;2,8
Pescara;1;467;3,9;0,6
Peschiera Borromeo;0;45;1,92;0,8
Peschiera del Garda;1;62;5,85;1,3
Pescia;0;45;2,33;2,9
Pessano con Bornago;0;19;2,11;2,67
Petilia Policastro;0;6;0,75;7,25
Petrosino;0;19;2,45;5,11
Peveragno;0;10;1,85;2,29
Piacenza;1;552;5,37;0,9
Pianella;0;7;0,93;4,0
Pianezza;0;26;1,76;2,3
Pianiga;0;25;2,11;0,6
Piano di Sorrento;1;42;3,33;0,5
Pianoro;0;44;2,51;3,5
Piazza Armerina;0;29;1,41;3,4
Piazzola sul Brenta;0;25;2,31;4,5
Picerno;0;8;1,41;1,8
Piedimonte Matese;0;13;1,33;0,67
Piedimonte San Germano;0;13;2,17;3,78
Pietra Ligure;1;49;5,85;0,9
Pietraperzia;0;8;1,22;3,5
Pietrasanta;1;164;7,08;1,9
Pieve Emanuele;0;34;2,22;0,2
Pieve a Nievole;1;50;5,52;1,2
Pieve di Cento;0;16;2,31;0,8
Pieve di Soligo;0;22;1,91;2,8
Pignataro Maggiore;0;8;1,46;10,44
Pignola;0;7;1,08;12,0
Pimonte;0;7;1,19;0,0
Pinerolo;0;74;2,08;2,2
Pineto;1;46;3,15;1,2
Pino Torinese;0;10;1,24;2,56
Pioltello;0;56;1,54;1,1
Piombino;1;139;4,21;1,6
Piombino Dese;0;19;2,06;3,9
Piossasco;0;24;1,32;2,1
Piove di Sacco;1;69;3,5;1,6
Piovene Rocchette;0;20;2,42;0,9
Pisa;1;585;6,52;1,1
Pisogne;0;18;2,35;4,7
Pisticci;0;38;2,28;6,3
Pistoia;1;372;4,15;1,8
Pizzighettone;0;9;1,44;7,3
Pizzo;0;21;2,39;4,4
Podenzano;0;21;2,36;4,8
Poggiardo;0;14;2,45;2,2
Poggibonsi;1;95;3,34;1,1
Poggio Mirteto;0;10;1,62;1,22
Poggio Renatico;0;29;2,97;4,8
Poggio Rusco;0;10;1,66;4,89
Poggio Torriana;0;12;2,35;3,1
Poggio a Caiano;0;26;2,69;2,4
Poggiomarino;0;17;0,8;4,4
Pogliano Milanese;0;18;2,24;2,2
Poirino;0;21;2,11;2,2
Policoro;0;49;2,8;4,5
Polignano a Mare;0;48;2,74;1,9
Polistena;0;11;1,14;4,14
Polla;1;17;3,28;1,7
Pollena Trocchia;0;8;0,63;9,0
Pollenza;0;13;2,14;2,11
Pomarance;0;9;1,62;3,22
Pomezia;0;167;2,68;1,8
Pomigliano d'Arco;0;56;1,41;1,2
Pompei;1;74;3,01;0,7
Poncarale;0;13;2,6;2,22
Ponsacco;1;50;3,24;1,2
Pontassieve;0;56;2,78;2,4
Ponte Buggianese;1;28;3,26;2,0
Ponte San Nicolò;0;33;2,46;0,6
Ponte San Pietro;0;27;2,39;1,7
Ponte di Piave;0;19;2,37;3,9
Ponte nelle Alpi;0;21;2,69;5,2
Pontecagnano Faiano;1;84;3,22;2,5
Pontecorvo;0;18;1,44;4,7
Pontedera;1;157;5,38;1,7
Pontenure;0;20;3,16;4,4
Ponteranica;0;13;1,99;1,2
Pontevico;0;12;1,82;3,4
Pontinia;0;40;2,72;7,1
Pontirolo Nuovo;0;11;2,2;9,0
Pontoglio;0;7;1,07;2,8
Pontremoli;1;23;3,3;3,5
Ponzano Veneto;0;28;2,19;2,1
Popoli;0;12;2,48;0,0
Poppi;1;18;3,02;2,4
Porcari;0;22;2,56;1,8
Porcia;0;36;2,42;3,2
Pordenone;1;197;3,84;1,4
Portici;0;81;1,52;0,7
Portico di Caserta;0;9;1,19;0,0
Porto Cesareo;1;41;6,61;1,1
Porto Empedocle;0;30;1,88;1,8
Porto Mantovano;0;30;1,86;2,1
Porto Recanati;1;50;4,11;3,6
Porto San Giorgio;1;54;3,42;0,9
Porto Sant'Elpidio;1;121;4,71;1,3
Porto Tolle;0;10;1,15;1,4
Porto Torres;0;40;1,84;1,0
Porto Viro;0;28;2,04;3,3
Portoferraio;1;46;3,9;1,2
Portogruaro;1;115;4,67;3,8
Portomaggiore;0;30;2,58;3,4
Potenza;1;185;2,82;1,7
Potenza Picena;1;52;3,34;2,5
Povegliano;0;7;1,39;10,0
Povegliano Veronese;0;11;1,52;1,8
Poviglio;1;22;3,14;0,5
Povoletto;0;9;1,75;0,0
Pozzallo;0;25;1,36;3,6
Pozzo d'Adda;0;10;1,6;6,78
Pozzuoli;0;190;2,43;2,0
Pozzuolo Martesana;0;16;1,95;2,1
Pozzuolo del Friuli;0;19;2,79;2,67
Praia a Mare;0;12;1,86;5,29
Prata di Pordenone;0;13;1,59;1,5
Prato;1;861;4,44;0,9
Pratola Peligna;0;13;1,79;1,3
Pratovecchio Stia;0;9;1,76;3,2
Predappio;0;15;2,5;2,0
Preganziol;0;48;2,86;2,8
Pregnana Milanese;0;11;1,56;1,33
Prevalle;0;14;2,16;2,44
Priolo Gargallo;0;28;2,42;1,2
Priverno;0;30;2,21;3,2
Procida;0;7;0,7;0,0
Provaglio d'Iseo;0;12;1,78;3,3
Pula;0;9;1,26;5,67
Pulsano;0;14;1,31;2,9
Putignano;0;66;2,53;2,8
Qualiano;0;21;0,85;3,3
Quarrata;0;68;2,6;1,4
Quarto;0;47;1,18;2,4
Quarto d'Altino;0;25;3,1;6,4
Quartu Sant'Elena;0;165;2,4;2,4
Quartucciu;0;17;1,36;1,1
Quattro Castella;0;27;2,1;3,0
Quiliano;1;37;5,32;1,5
Quinto Vicentino;0;9;1,69;1,0
Quinto di Treviso;0;23;2,36;1,8
Quinzano d'Oglio;0;8;1,4;0,0
Quistello;0;10;1,9;1,3
Racale;0;19;1,78;4,7
Racalmuto;0;7;0,92;6,0
Racconigi;0;10;1,08;3,8
Raffadali;0;8;0,69;2,2
Ragusa;0;202;2,8;2,1
Ramacca;0;12;1,22;13,0
Randazzo;0;12;1,19;4,89
Ranica;0;10;1,68;1,0
Rapallo;1;136;4,65;0,8
Rapolano Terme;0;11;2,25;4,0
Ravanusa;0;7;0,68;0,0
Ravarino;0;11;1,84;1,9
Ravenna;1;783;4,96;2,0
Reana del Rojale;0;14;2,79;7,0
Recale;0;9;1,26;2,83
Recanati;1;68;3,26;0,8
Recco;1;50;5,29;0,5
Recoaro Terme;0;7;1,27;1,0
Regalbuto;0;6;0,9;8,5
Reggello;0;40;2,44;3,5
Reggio di Calabria;0;428;2,45;1,2
Reggio nell'Emilia;1;818;4,8;1,2
Reggiolo;0;21;2,32;3,2
Remanzacco;0;9;1,5;0,8
Rende;0;102;2,86;1,9
Renon/Ritten;0;19;2,46;4,9
Resana;0;19;2,05;3,8
Rescaldina;0;20;1,47;0,44
Rezzato;1;73;5,5;2,9
Rho;1;216;4,29;1,6
Riano;0;18;1,8;4,7
Ribera;0;25;1,4;2,8
Ricadi;0;8;1,59;12,0
Riccia;0;6;1,19;17,0
Riccione;1;240;6,9;0,4
Riese Pio X;0;32;2,96;2,5
Rieti;1;174;3,76;2,0
Rignano Flaminio;0;9;0,92;0,0
Rignano sull'Arno;1;26;3,11;1,2
Rimini;1;940;6,34;0,8
Rio Saliceto;1;17;2,85;0,6
Riolo Terme;0;11;2,08;2,33
Rionero in Vulture;0;19;1,51;3,3
Ripi;0;10;1,96;0,88
Riposto;0;31;2,23;2,0
Riva del Garda;1;63;3,63;0,9
Rivalta di Torino;1;57;2,87;1,4
Rivanazzano Terme;0;15;2,94;4,0
Rivarolo Canavese;0;25;2,07;3,1
Rivergaro;0;16;2,27;5,6
Rivignano Teor;0;8;1,31;4,62
Rivoli;1;169;3,56;1,7
Rivolta d'Adda;0;21;2,64;3,4
Rizziconi;0;8;1,07;2,0
Robbiate;0;14;2,26;2,3
Robbio;0;8;1,36;3,0
Robecco sul Naviglio;0;10;1,52;1,0
Rocca Priora;0;14;1,25;3,5
Rocca di Neto;0;8;1,44;2,0
Rocca di Papa;0;20;1,22;1,1
Roccadaspide;0;11;1,66;6,5
Roccapiemonte;0;11;1,25;3,1
Roccarainola;0;6;0,9;0,0
Roccasecca;0;15;2,17;5,7
Roccastrada;0;11;1,27;3,1
Roccella Ionica;0;13;2,07;6,56
Rodengo Saiano;0;17;1,85;1,5
Rodigo;0;12;2,44;4,6
Roggiano Gravina;0;7;1,05;0,0
Roma;2;12807;4,6;1,0
Romano d'Ezzelino;0;37;2,6;2,2
Romano di Lombardia;0;26;1,31;1,6
Romentino;0;10;1,96;6,0
Rometta;0;13;2,0;1,25
Roncade;0;31;2,15;5,2
Roncadelle;1;48;5,12;1,6
Ronchi dei Legionari;1;35;3,0;1,3
Ronciglione;0;16;1,95;5,6
Ronco all'Adige;0;10;1,82;3,11
Roncoferraro;0;17;2,53;2,5
Rosarno;0;25;1,79;5,5
Rosate;0;12;2,23;1,6
Roseto degli Abruzzi;1;76;2,98;1,5
Rosignano Marittimo;1;135;4,43;2,6
Rosolina;0;16;2,65;5,7
Rosolini;0;26;1,26;2,0
Rossano Veneto;0;16;1,98;1,3
Rosà;1;56;3,89;2,7
Rottofreno;1;38;3,18;3,2
Rovato;0;50;2,65;1,7
Rovellasca;0;9;1,22;1,67
Rovello Porro;0;8;1,45;1,7
Roverbella;0;23;2,7;3,7
Roveredo in Piano;0;11;1,98;2,6
Rovereto;1;115;2,91;1,3
Rovigo;1;189;3,75;1,5
Rozzano;1;155;3,73;0,8
Rubano;1;55;3,34;2,3
Rubiera;1;45;3,05;1,2
Ruffano;0;11;1,21;1,3
Rufina;0;18;2,53;2,6
Russi;0;30;2,46;3,3
Rutigliano;0;28;1,55;3,8
Ruvo di Puglia;0;38;1,55;1,3
Sabaudia;0;49;2,53;5,4
Sacile;0;43;2,18;1,7
Sacrofano;0;6;0,89;7,0
Sala Baganza;0;14;2,48;0,4
Sala Bolognese;0;15;1,86;3,0
Sala Consilina;1;38;3,14;1,3
Salemi;0;14;1,39;5,67
Salerno;1;499;3,83;0,6
Salgareda;0;12;1,82;2,0
Salice Salentino;0;17;2,19;3,1
Salsomaggiore Terme;0;29;1,49;2,8
Saluzzo;1;52;3,05;2,5
Salzano;0;21;1,69;3,7
Salò;1;44;4,25;1,2
Samarate;0;28;1,76;3,0
Sambuca di Sicilia;0;7;1,42;0,0
Sammichele di Bari;0;12;1,99;2,7
San Benedetto Po;0;21;3,09;4,6
San Benedetto del Tronto;1;281;5,95;0,8
San Benigno Canavese;0;7;1,16;6,67
San Biagio di Callalta;1;42;3,28;2,6
San Bonifacio;1;72;3,45;2,4
San Canzian d'Isonzo;0;14;2,36;2,0
San Casciano in Val di Pesa;0;44;2,66;1,8
San Cataldo;0;16;0,75;1,78
San Cesareo;0;48;3,07;4,8
San Cesario di Lecce;0;12;1,56;1,9
San Cesario sul Panaro;1;26;4,03;4,5
San Cipirello;0;7;1,35;0,0
San Cipriano Picentino;0;16;2,45;2,7
San Cipriano d'Aversa;0;9;0,68;4,0
San Clemente;1;17;3,1;1,4
San Colombano al Lambro;0;10;1,41;5,75
San Damiano d'Asti;0;9;1,14;3,22
San Daniele del Friuli;0;19;2,44;1,1
San Donaci;0;10;1,66;1,6
San Donato Milanese;1;103;3,22;0,9
San Donato di Lecce;0;6;1,09;0,0
San Donà di Piave;1;157;3,76;1,7
San Dorligo della Valle-Dolina;0;13;2,39;5,5
San Felice Circeo;0;23;2,44;4,8
San Felice a Cancello;0;20;1,18;5,2
San Felice sul Panaro;0;21;2,01;4,6
San Ferdinando di Puglia;0;22;1,64;2,4
San Fermo della Battaglia;0;8;1,04;0,0
San Filippo del Mela;0;15;2,25;5,11
San Fior;0;15;2,26;3,2
San Gemini;0;10;2,1;4,5
San Gennaro Vesuviano;0;12;1,02;2,33
San Gimignano;1;25;3,3;3,9
San Giorgio Bigarello;0;29;2,47;2,6
San Giorgio Ionico;0;21;1,48;1,5
San Giorgio Piacentino;0;13;2,29;4,78
San Giorgio a Cremano;0;32;0,75;1,1
San Giorgio del Sannio;0;7;0,74;0,0
San Giorgio delle Pertiche;0;23;2,29;1,3
San Giorgio di Mantova;0;23;2,45;5,2
San Giorgio di Nogaro;0;11;1,53;1,0
San Giorgio di Piano;1;26;2,91;1,7
San Giorgio in Bosco;0;17;2,76;4,7
San Giorgio su Legnano;0;10;1,48;0,0
San Giovanni Gemini;0;8;1,05;7,5
San Giovanni Ilarione;0;6;1,28;4,25
San Giovanni Lupatoto;0;53;2,14;1,1
San Giovanni Rotondo;0;35;1,32;3,3
San Giovanni Teatino;0;34;2,47;2,9
San Giovanni Valdarno;1;58;3,45;0,9
San Giovanni al Natisone;0;10;1,75;4,56
San Giovanni in Fiore;0;9;0,54;3,44
San Giovanni in Marignano;1;32;3,46;4,3
San Giovanni in Persiceto;0;84;3,01;3,7
San Giovanni la Punta;1;75;3,28;0,5
San Giuliano Milanese;1;145;3,77;1,4
San Giuliano Terme;0;66;2,13;4,0
San Giuseppe Vesuviano;0;32;1,08;1,9
San Giustino;0;28;2,6;3,4
San Gregorio di Catania;1;35;3,01;0,6
San Lazzaro di Savena;1;123;3,82;1,6
San Lucido;0;11;1,89;11,8
San Marcellino;0;9;0,64;6,44
San Marco Argentano;0;10;1,48;6,9
San Marco Evangelista;0;14;2,14;2,3
San Marco in Lamis;0;9;0,7;7,0
San Martino Buon Albergo;1;55;3,51;5,0
San Martino Siccomario;1;31;5,0;1,4
San Martino di Lupari;0;19;1,47;1,4
San Martino in Rio;0;19;2,39;2,2
San Marzano di San Giuseppe;0;15;1,69;1,1
San Marzano sul Sarno;0;11;1,06;2,22
San Maurizio Canavese;0;18;1,82;1,3
San Mauro Pascoli;1;41;3,44;1,5
San Mauro Torinese;0;26;1,41;1,8
San Michele Salentino;0;11;1,8;0,0
San Michele al Tagliamento;1;55;4,76;2,8
San Miniato;1;101;3,66;1,5
San Nicandro Garganico;0;14;0,97;16,8
San Nicola la Strada;0;36;1,65;3,0
San Pancrazio Salentino;0;13;1,42;0,6
San Paolo d'Argon;1;20;3,66;2,0
San Paolo di Civitate;0;7;1,26;14,0
San Pietro Clarenza;0;11;1,33;4,4
San Pietro Vernotico;0;31;2,33;6,7
San Pietro di Feletto;0;8;1,69;1,33
San Pietro in Cariano;0;28;2,24;2,0
San Pietro in Casale;0;28;2,24;0,8
San Polo d'Enza;0;14;2,37;4,0
San Prisco;0;17;1,4;2,0
San Prospero;1;22;3,77;0,8
San Salvo;0;35;1,79;3,5
San Sebastiano al Vesuvio;0;11;1,24;1,9
San Secondo Parmense;0;11;2,02;1,75
San Severino Marche;0;23;1,94;3,6
San Severo;0;131;2,62;5,9
San Stino di Livenza;0;37;2,92;4,5
San Tammaro;0;9;1,65;8,56
San Valentino Torio;0;10;0,95;2,2
San Vendemiano;1;33;3,33;3,1
San Vincenzo;1;28;4,24;2,3
San Vitaliano;0;12;1,89;1,1
San Vito Chietino;0;13;2,57;0,5
San Vito al Tagliamento;0;22;1,46;5,8
San Vito dei Normanni;0;22;1,23;4,7
San Vittore Olona;0;13;1,6;1,4
San Zenone degli Ezzelini;0;8;1,22;2,4
Sandrigo;0;20;2,41;3,0
Sannazzaro de' Burgondi;0;7;1,47;4,0
Sannicandro di Bari;0;15;1,65;3,9
Sannicola;0;14;2,59;7,9
Sanremo;1;346;6,54;1,0
Sansepolcro;1;47;3,04;1,8
Sant'Agata Bolognese;0;14;2,0;5,5
Sant'Agata de' Goti;0;16;1,52;3,11
Sant'Agata di Militello;0;32;2,62;1,2
Sant'Agata li Battiati;1;30;3,3;1,8
Sant'Agnello;1;28;3,2;0,6
Sant'Ambrogio di Valpolicella;0;22;1,88;2,4
Sant'Anastasia;0;46;1,72;2,5
Sant'Angelo Lodigiano;0;17;1,31;0,0
Sant'Angelo di Piove di Sacco;0;19;2,61;3,8
Sant'Antimo;0;22;0,68;1,5
Sant'Antonio Abate;0;27;1,43;1,1
Sant'Arcangelo;0;7;1,23;4,67
Sant'Arpino;0;20;1,37;1,5
Sant'Egidio alla Vibrata;0;20;2,12;2,5
Sant'Egidio del Monte Albino;0;24;2,85;2,8
Sant'Elia Fiumerapido;0;9;1,66;1,14
Sant'Elpidio a Mare;1;52;3,13;1,8
Sant'Ilario d'Enza;0;25;2,3;1,3
Sant'Omero;0;14;2,82;6,8
Santa Croce Camerina;0;18;1,71;4,2
Santa Croce sull'Arno;1;52;3,58;0,9
Santa Flavia;0;11;1,01;6,9
Santa Giustina;0;16;2,48;1,3
Santa Giustina in Colle;0;12;1,77;2,38
Santa Lucia di Piave;0;20;2,26;2,4
Santa Margherita Ligure;1;68;7,67;0,6
Santa Margherita di Belice;0;7;1,14;0,0
Santa Maria Capua Vetere;0;67;2,09;1,1
Santa Maria a Monte;0;29;2,21;0,6
Santa Maria a Vico;0;18;1,3;6,3
Santa Maria di Licodia;0;9;1,31;7,5
Santa Maria di Sala;0;40;2,28;2,4
Santa Maria la Carità;0;20;1,77;2,2
Santa Marinella;0;51;2,79;3,7
Santa Ninfa;0;8;1,6;10,0
Santa Teresa di Riva;0;18;1,98;2,25
Santa Venerina;0;21;2,58;1,0
Santarcangelo di Romagna;1;83;3,8;1,0
Santena;0;15;1,43;4,4
Santeramo in Colle;0;45;1,75;2,8
Santhià;0;19;2,31;3,2
Santi Cosma e Damiano;0;11;1,74;4,6
Santo Stefano Ticino;0;7;1,48;0,0
Santo Stefano di Magra;0;24;2,56;1,9
Santorso;0;12;2,18;1,3
Saonara;0;17;1,71;3,3
Sapri;0;9;1,37;0,0
Sarcedo;0;14;2,81;3,0
Sarego;0;16;2,51;2,9
Sarentino/Sarntal;0;8;1,22;7,11
Sarezzo;0;24;1,87;2,4
Sarnico;0;17;2,63;3,0
Sarno;0;37;1,21;1,7
Saronno;1;141;3,65;0,8
Sarroch;0;11;2,11;4,33
Sarzana;1;86;3,97;1,3
Sassano;0;9;1,79;33,0
Sassari;1;506;4,08;1,2
Sasso Marconi;1;59;4,02;3,9
Sassoferrato;0;14;2,04;2,0
Sassuolo;1;142;3,5;1,2
Sava;1;47;3,04;1,2
Saviano;0;22;1,4;4,3
Savigliano;0;45;2,12;7,1
Savignano sul Panaro;0;27;2,96;3,0
Savignano sul Rubicone;1;71;4,01;2,3
Savona;1;367;6,16;0,4
Scafati;0;91;1,85;1,1
Scalea;0;29;2,66;1,9
Scandiano;1;84;3,28;1,7
Scandicci;1;240;4,78;0,7
Scanzano Jonico;0;21;2,91;4,2
Scanzorosciate;0;12;1,27;1,67
Scarperia e San Piero;1;44;3,64;2,5
Schio;0;94;2,42;1,5
Sciacca;0;51;1,31;1,5
Scicli;0;56;2,1;2,5
Scisciano;0;9;1,42;0,0
Scordia;0;13;0,84;3,4
Scorrano;0;10;1,52;0,6
Scorzè;0;43;2,28;3,3
Sedico;0;23;2,36;3,0
Sedriano;0;22;1,8;1,1
Segni;0;14;1,64;3,8
Segrate;1;113;3,18;1,1
Selargius;0;58;2,02;1,9
Sellia Marina;0;11;1,45;5,4
Selvazzano Dentro;0;54;2,38;1,4
Senago;0;35;1,66;1,3
Senigallia;1;230;5,21;1,9
Senise;0;10;1,46;3,33
Sennori;0;6;0,86;8,5
Seravezza;1;46;3,66;1,2
Seregno;1;141;3,16;1,2
Seriate;1;88;3,53;1,2
Serino;0;8;1,26;0,0
Sermide;0;13;2,24;2,67
Sermide e Felonica;0;14;1,98;6,43
Sermoneta;0;9;0,9;14,2
Sernaglia della Battaglia;0;9;1,48;9,3
Serra Riccò;0;18;2,36;1,33
Serra San Bruno;0;8;1,38;0,0
Serradifalco;0;6;1,02;0,0
Serramazzoni;1;30;3,62;4,9
Serravalle Pistoiese;1;44;3,84;0,9
Serravalle Scrivia;1;32;5,48;0,6
Serravalle Sesia;0;11;2,17;9,5
Sessa Aurunca;0;19;0,94;12,2
Sesto Calende;0;30;2,72;3,8
Sesto Fiorentino;1;252;5,18;1,1
Sesto San Giovanni;0;209;2,61;0,5
Sesto al Reghena;0;9;1,44;2,38
Sestri Levante;1;95;5,33;1,1
Sestu;0;38;1,87;3,8
Settala;0;15;2,08;3,1
Settimo Milanese;0;30;1,54;1,2
Settimo San Pietro;0;9;1,32;4,1
Settimo Torinese;0;115;2,46;1,2
Seveso;0;36;1,55;0,8
Sezze;0;32;1,37;5,8
Siano;0;7;0,74;0,0
Siderno;0;36;2,07;1,4
Siena;1;276;5,15;0,8
Signa;1;72;3,88;1,4
Silandro/Schlanders;0;16;2,68;6,44
Silea;1;32;3,15;1,2
Silvi;1;53;3,45;2,2
Sinalunga;0;36;2,95;3,6
Siniscola;0;25;2,25;6,5
Sinnai;0;17;0,99;3,8
Siracusa;1;437;3,68;1,3
Sirmione;0;21;2,7;2,11
Sissa Trecasali;0;12;1,58;5,9
Siziano;0;15;2,51;1,5
Soave;0;19;2,74;2,8
Solarino;0;9;1,21;0,0
Solaro;1;44;3,18;1,3
Solbiate Olona;0;10;1,89;1,56
Solesino;0;11;1,6;6,0
Soleto;0;11;2,13;5,33
Soliera;1;47;3,08;2,2
Solofra;0;13;1,09;0,6
Somma Lombardo;1;73;4,19;0,9
Somma Vesuviana;0;44;1,29;2,7
Sommacampagna;1;52;3,55;0,8
Sommariva del Bosco;0;10;1,7;1,0
Sommatino;0;7;1,08;0,0
Sona;0;41;2,36;3,0
Soncino;0;19;2,52;5,3
Sondrio;0;57;2,66;1,3
Sonnino;0;7;1,03;4,67
Sora;0;70;2,74;1,7
Soresina;0;16;1,84;2,0
Soriano nel Cimino;0;15;1,93;2,6
Sorisole;0;11;1,3;3,78
Sorrento;1;66;4,15;1,4
Sorso;0;26;1,82;4,7
Soverato;0;15;1,8;3,2
Sovere;0;6;1,22;0,0
Sovicille;0;22;2,23;4,7
Sovico;0;10;1,23;0,0
Spadafora;0;9;1,79;0,0
Sparanise;0;10;1,35;5,75
Spello;0;21;2,53;0,0
Spezzano Albanese;0;6;0,97;0,0
Spilamberto;1;52;4,1;1,8
Spilimbergo;0;28;2,37;2,9
Spinazzola;0;12;2,05;7,1
Spinea;0;49;1,79;1,6
Spinetoli;0;18;2,61;1,4
Spino d'Adda;0;19;2,76;2,1
Spirano;0;7;1,28;6,5
Spoleto;1;111;3,0;2,4
Spoltore;0;46;2,43;1,3
Spresiano;0;24;2,05;5,1
Squinzano;0;29;2,12;0,5
Staranzano;0;12;1,71;0,67
Statte;0;18;1,39;1,7
Stezzano;0;33;2,5;1,0
Stornara;0;9;1,66;15,17
Stornarella;0;6;1,14;0,0
Stra;0;19;2,5;2,7
Stradella;1;34;2,96;1,3
Strambino;0;10;1,7;6,0
Striano;0;8;0,97;10,71
Strongoli;0;12;1,99;5,3
Subbiano;0;13;2,15;3,6
Subiaco;0;16;1,94;1,6
Succivo;0;16;1,86;3,75
Sulmona;0;54;2,36;1,0
Sumirago;0;7;1,14;3,4
Surbo;0;27;1,87;3,8
Susa;1;20;3,36;2,1
Susegana;1;38;3,24;4,2
Sutri;0;11;1,71;4,25
Suzzara;1;70;3,32;2,1
Taggia;1;53;3,82;0,8
Tagliacozzo;0;11;1,67;1,7
Taglio di Po;0;15;1,86;7,1
Taormina;1;37;3,52;1,8
Taranto;1;606;3,17;1,2
Tarcento;0;15;1,74;5,7
Tarquinia;0;45;2,8;3,2
Taurianova;0;24;1,59;3,9
Taurisano;0;15;1,35;2,6
Tavagnacco;0;18;1,24;4,9
Tavazzano con Villavesco;0;13;2,33;2,89
Tavernerio;0;13;2,44;1,5
Taviano;0;24;2,06;6,4
Tavullia;0;19;2,48;1,5
Teano;0;19;1,67;12,1
Teggiano;0;11;1,52;5,1
Telese Terme;0;17;2,26;1,4
Telgate;0;10;2,06;4,17
Teolo;0;22;2,51;2,0
Teramo;0;137;2,56;1,5
Terlizzi;0;29;1,12;5,6
Terme Vigliatore;0;12;1,71;3,56
Termini Imerese;0;60;2,37;2,7
Termoli;1;102;3,13;1,8
Terni;1;399;3,66;1,2
Terno d'Isola;0;12;1,51;3,1
Terracina;1;148;3,35;4,1
Terralba;0;13;1,36;3,0
Terranuova Bracciolini;1;48;3,96;1,8
Terrasini;0;16;1,33;2,7
Terzigno;0;18;1,03;4,7
Teverola;0;18;1,24;4,6
Tezze sul Brenta;0;25;2,01;2,3
Thiene;1;73;3,06;0,5
Tirano;0;17;1,98;1,3
Tito;0;17;2,47;0,0
Tivoli;0;112;2,05;2,6
Todi;0;34;2,19;2,9
Tolentino;1;59;3,22;3,0
Tolfa;0;12;2,45;0,0
Tolmezzo;0;24;2,44;1,7
Tombolo;0;13;1,63;2,89
Torbole Casaglia;0;8;1,36;3,1
Torchiarolo;0;13;2,45;1,3
Torgiano;0;11;1,81;5,9
Torino;1;3006;3,48;1,0
Toritto;0;10;1,26;4,4
Torre Annunziata;0;62;1,51;1,8
Torre Boldone;0;12;1,39;1,3
Torre Santa Susanna;0;25;2,43;3,7
Torre del Greco;0;129;1,57;1,5
Torrebelvicino;0;9;1,56;0,0
Torreglia;0;8;1,45;2,3
Torregrotta;0;10;1,39;2,8
Torremaggiore;0;18;1,08;3,3
Torri di Quartesolo;0;30;2,58;2,4
Torrile;0;19;2,48;2,4
Torrita di Siena;0;13;1,91;2,2
Tortona;1;108;4,0;1,8
Tortora;0;7;1,27;13,0
Tortoreto;1;40;3,5;3,3
Tortorici;0;7;1,2;0,0
Toscolano-Maderno;0;22;2,84;1,6
Trabia;0;15;1,47;1,11
Tradate;0;46;2,51;1,5
Trani;0;142;2,57;1,7
Trapani;1;328;5,06;1,2
Trasacco;0;7;1,17;1,71
Travagliato;0;26;1,89;2,5
Traversetolo;0;26;2,8;1,9
Trebaseleghe;0;25;2,01;1,7
Trebisacce;0;7;0,88;9,88
Trecase;0;9;1,03;2,4
Trecastagni;0;16;1,47;0,44
Trecastelli;0;16;2,21;4,7
Trecate;0;43;2,12;1,6
Tregnago;0;9;1,85;2,33
Treia;0;21;2,31;3,5
Tremestieri Etneo;1;59;2,98;0,7
Tremezzina;0;10;2,07;0,0
Trento;1;392;3,31;1,2
Trentola Ducenta;0;14;0,74;1,78
Trenzano;0;7;1,4;2,8
Trepuzzi;0;25;1,78;2,9
Trescore Balneario;0;24;2,5;2,5
Trevi;0;20;2,5;5,5
Treviglio;1;131;4,34;1,2
Trevignano;0;24;2,28;2,8
Trevignano Romano;0;9;1,68;2,71
Treviolo;0;29;2,75;1,8
Treviso;1;306;3,62;1,0
Trezzano Rosa;0;8;1,57;0,0
Trezzano sul Naviglio;1;69;3,29;0,8
Trezzo sull'Adda;1;46;3,87;1,7
Tricase;0;38;2,23;2,5
Tricesimo;0;13;1,77;2,8
Trieste;1;855;4,26;0,9
Triggiano;0;37;1,4;2,2
Trinitapoli;0;41;2,89;4,1
Trino;0;7;1,08;4,38
Trissino;0;14;1,66;1,8
Triuggio;0;12;1,37;1,7
Trofarello;0;12;1,18;1,89
Troia;0;8;1,28;15,0
Troina;0;7;0,76;3,5
Tropea;0;11;2,04;0,0
Truccazzano;0;15;2,66;7,4
Tuglie;0;7;1,38;0,0
Turate;0;22;2,34;2,0
Turbigo;0;10;1,41;2,57
Turi;0;40;3,09;4,2
Tursi;0;12;2,37;8,0
Tuscania;0;11;1,44;9,5
Uboldo;0;28;2,65;0,2
Udine;1;379;3,82;1,2
Ugento;1;43;3,53;2,0
Umbertide;0;33;2,06;2,5
Urbania;0;13;1,94;3,0
Urbino;1;48;3,39;2,9
Urgnano;0;15;1,56;2,5
Usmate Velate;0;27;2,63;1,5
Uta;0;10;1,2;3,8
Uzzano;0;11;2,02;1,7
Vado Ligure;1;41;5,04;1,0
Vaglia;1;17;3,38;1,5
Vaiano;0;26;2,71;3,0
Vairano Patenora;0;6;1,01;25,0
Valdagno;0;42;1,65;1,8
Valderice;0;18;1,56;5,1
Valdobbiadene;0;18;1,84;1,7
Valeggio sul Mincio;0;31;2,0;4,3
Valenza;0;41;2,21;3,4
Valenzano;0;27;1,55;2,4
Valle Aurina/Ahrntal;0;10;1,67;3,5
Vallecrosia;1;35;5,14;1,2
Vallefoglia;0;40;2,73;0,8
Vallo della Lucania;0;18;2,25;1,9
Valmadrera;0;22;1,94;2,25
Valmontone;1;50;3,23;4,3
Valsamoggia;1;132;4,24;2,4
Valverde;0;14;1,8;0,0
Vanzaghello;0;10;2,04;3,78
Vanzago;0;11;1,27;2,78
Vaprio d'Adda;0;15;1,76;0,4
Varallo;0;8;1,13;5,14
Varazze;1;62;4,83;0,8
Varedo;1;44;3,26;0,7
Varese;1;358;4,49;1,1
Varna/Vahrn;1;23;4,56;2,5
Vasto;0;116;2,87;2,7
Vazzola;0;12;1,81;2,44
Vecchiano;1;61;5,1;2,8
Vedano Olona;0;14;1,9;0,0
Vedano al Lambro;0;15;2,09;1,2
Vedelago;0;32;1,96;2,8
Veglie;0;28;2,05;2,4
Velletri;1;166;3,15;1,8
Venafro;0;21;1,96;4,1
Venaria Reale;0;72;2,18;1,1
Venegono Inferiore;0;11;1,9;2,3
Venegono Superiore;0;9;1,33;0,0
Venezia;1;656;2,56;1,5
Venosa;0;15;1,35;3,7
Ventimiglia;1;123;5,23;2,1
Verano Brianza;1;32;3,59;0,9
Verbania;1;139;4,61;0,9
Vercelli;1;160;3,48;0,8
Verdellino;0;18;2,43;0,5
Verdello;0;14;1,75;0,6
Verderio;0;8;1,5;2,0
Vergato;0;19;2,56;3,8
Vergiate;1;25;2,98;2,1
Vernio;0;11;1,96;1,8
Vernole;0;9;1,37;9,67
Verolanuova;0;10;1,32;6,1
Veroli;0;33;1,68;2,4
Verona;1;1276;4,96;0,9
Veronella;0;8;1,6;10,33
Verucchio;0;24;2,42;2,7
Verzuolo;0;13;2,09;4,56
Vetralla;0;27;2,03;1,4
Vezzano Ligure;1;41;5,67;1,2
Viadana;0;54;2,75;2,0
Viagrande;0;18;2,14;2,8
Viareggio;1;361;5,92;0,7
Vibo Valentia;0;77;2,42;1,3
Vicchio;0;23;2,87;2,2
Vicenza;1;453;4,1;1,2
Vico Equense;0;49;2,39;2,3
Vico del Gargano;0;9;1,33;5,78
Vicopisano;1;27;3,25;1,4
Vidigulfo;0;10;1,66;0,75
Vieste;0;17;1,29;3,11
Vietri sul Mare;1;30;4,14;1,6
Vigarano Mainarda;0;12;1,64;5,5
Vigasio;0;22;2,22;5,8
Vigevano;1;203;3,25;1,3
Viggiù;0;10;1,93;0,0
Vigliano Biellese;0;19;2,55;0,8
Vignate;0;15;1,69;1,44
Vignola;1;101;3,97;0,9
Vigodarzere;0;23;1,82;1,1
Vigone;0;7;1,48;1,6
Vigonovo;0;14;1,43;3,7
Vigonza;1;75;3,28;1,7
Villa Bartolomea;0;11;1,96;6,0
Villa Carcina;0;12;1,18;2,22
Villa Castelli;0;15;1,69;4,0
Villa Cortese;0;10;1,73;0,9
Villa Guardia;0;14;1,88;1,6
Villa Literno;0;33;2,7;10,5
Villa San Giovanni;1;40;3,09;0,7
Villa d'Almè;0;14;2,14;3,75
Villa del Conte;0;13;2,46;2,9
Villa di Briano;0;8;1,23;2,75
Villa di Serio;0;13;1,95;4,2
Villabate;0;37;1,92;1,5
Villadose;0;8;1,71;0,0
Villadossola;0;12;1,92;1,0
Villafranca Padovana;0;20;1,94;5,4
Villafranca Tirrena;0;18;2,26;4,2
Villafranca di Verona;1;101;3,06;1,4
Villanova Mondovì;0;7;1,19;7,89
Villanova d'Asti;0;13;2,37;7,4
Villanova di Camposampiero;0;12;1,98;4,0
Villanuova sul Clisi;0;16;2,93;2,67
Villapiana;0;10;1,94;11,8
Villaricca;0;22;0,72;3,5
Villasanta;0;38;2,74;1,2
Villaverla;0;13;2,14;0,0
Villongo;0;11;1,49;0,0
Villorba;1;68;3,86;2,5
Vimercate;1;105;4,08;0,9
Vimodrone;0;38;2,29;1,0
Vinci;0;39;2,69;2,0
Vinovo;0;19;1,28;0,7
Vipiteno/Sterzing;0;16;2,36;0,0
Viterbo;1;309;4,69;1,9
Vitorchiano;0;8;1,59;0,0
Vittoria;0;176;2,79;2,7
Vittorio Veneto;1;88;3,17;2,5
Vittuone;0;14;1,6;3,3
Vitulazio;0;10;1,33;6,5
Vizzini;0;7;1,15;4,67
Vobarno;0;14;1,72;5,0
Voghera;1;151;3,89;0,8
Volla;0;21;0,88;0,4
Volpago del Montello;0;22;2,21;4,9
Volpiano;0;28;1,88;4,0
Volta Mantovana;0;15;2,17;4,44
Volterra;0;18;1,88;0,4
Volvera;0;14;1,66;4,75
Zafferana Etnea;0;12;1,28;5,17
Zagarolo;0;28;1,6;2,0
Zanica;0;23;2,68;1,6
Zanè;0;15;2,33;1,6
Zelo Buon Persico;0;16;2,18;3,2
Zero Branco;0;21;1,92;1,4
Zevio;0;36;2,41;2,9
Zibido San Giacomo;1;40;6,04;2,5
Zogno;0;15;1,73;3,0
Zola Predosa;1;87;4,58;1,5
Zoppola;0;20;2,41;7,0
Zugliano;0;10;1,48;3,0
